Date,Open,High,Low,Close,Adj Close,Volume
10/27/2014,259.200012,261.98999,258.100006,259.779999,248.650421,13429580
10/28/2014,260.799988,266.429993,260.600006,265.674988,254.292862,22963480
10/29/2014,267.700012,267.899994,263.100006,264.375,253.048569,17372970
10/30/2014,264.98999,265.304993,262.200012,263.799988,252.498199,15544270
10/31/2014,265.200012,270.980011,264.600006,270.279999,258.700562,20770240
11/3/2014,270.600006,274.350006,269.424988,272.345001,260.677094,17780640
11/5/2014,273.299988,279.980011,272.404999,278.190002,266.271698,26605100
11/7/2014,277.5,278.100006,273,274.25,262.500488,18163030
11/10/2014,275.899994,276.899994,273.299988,273.950012,262.213348,12068890
11/11/2014,274.790009,276.25,270.5,274.035004,262.294708,17405950
11/12/2014,275.299988,277.149994,273.554993,274.605011,262.840302,16233230
11/13/2014,275.609985,276.225006,269.5,271.929993,260.279877,16859020
11/14/2014,273,280.690002,272,278.785004,266.841217,50846690
11/17/2014,279.399994,295.130005,279.220001,294.059998,281.461792,49164120
11/18/2014,295.695007,297.899994,292.410004,294.575012,281.954712,32898390
11/19/2014,294.899994,296.799988,290.355011,291.049988,278.58075,20735930
11/20/2014,294.75,298.75,291.25,297.100006,284.371582,18099509
11/21/2014,299.899994,307,297.25,305.5,292.411652,21009207
11/24/2014,307.799988,309.850006,306.049988,308.850006,295.618134,18631463
11/25/2014,309.899994,309.950012,301,304.450012,291.406647,26776620
11/26/2014,304.899994,308.75,303.600006,306.25,293.129517,11131807
11/27/2014,307,308.5,303.850006,305.850006,292.746674,15378080
11/28/2014,308.399994,322.5,308,321.399994,307.630463,27760604
12/1/2014,322.799988,326.950012,317.600006,319.600006,305.907593,18449916
12/2/2014,318.899994,322.799988,311.549988,318.700012,305.046143,23776383
12/3/2014,319.649994,322.899994,316.350006,317.950012,304.328308,13699078
12/4/2014,319.850006,321,314.049988,320.299988,306.577606,13809486
12/5/2014,320,321.299988,316,317.549988,303.945404,11391988
12/8/2014,318.600006,318.600006,312.299988,312.899994,299.49469,9814223
12/9/2014,312.700012,314.399994,305.5,306.549988,293.416687,14926558
12/10/2014,303.5,317.200012,303.299988,315.950012,302.413971,15381613
12/11/2014,313.600006,318.549988,310.450012,314.049988,300.595367,13151866
12/12/2014,313.649994,316.899994,309,311.350006,298.011047,11727933
12/15/2014,308.299988,316,307.549988,310.549988,297.245331,15117938
12/16/2014,308.100006,311,293,295.600006,282.935822,20951938
12/17/2014,294.399994,306.399994,287,301.75,288.822296,28290440
12/18/2014,310.799988,312.600006,304.5,307.100006,293.943146,18921827
12/19/2014,311.549988,312,303.5,304.149994,291.119476,14130478
12/22/2014,306.299988,308.649994,303.350006,307.700012,294.517426,11565161
12/23/2014,307.600006,312.5,306.25,307.200012,294.038849,12836868
12/24/2014,306,309.950012,305,305.75,292.65094,14866629
12/26/2014,306.850006,309.799988,306.049988,307.649994,294.469543,7373519
12/29/2014,309.5,310.200012,307,307.549988,294.37384,7699059
12/30/2014,308.200012,310.75,306,309.75,296.479584,8113742
12/31/2014,310.049988,312.950012,310,311.850006,298.489624,6305857
1/1/2015,312.450012,315,310.700012,314,300.547516,6138488
1/2/2015,314.350006,318.299988,314.350006,315.25,301.743988,9935094
1/5/2015,316.25,316.799988,312.100006,312.75,299.351074,9136716
1/6/2015,310,311.100006,298.700012,299.899994,287.051575,15329257
1/7/2015,300,302.549988,295.149994,300.149994,287.290894,15046745
1/8/2015,305,306.5,302.350006,304.850006,291.78952,8939749
1/9/2015,306.700012,307.850006,302,303.200012,290.210205,11953948
1/12/2015,304.149994,307.799988,301.100006,307.100006,293.943146,8536142
1/13/2015,308.149994,310.75,304.149994,305.100006,292.028809,9484804
1/14/2015,304,307,302.25,304.700012,291.645966,8855660
1/15/2015,319.899994,323.700012,314,320.299988,306.577606,30729523
1/16/2015,320,320.299988,313.100006,315.450012,301.935394,21598514
1/19/2015,316.549988,317.950012,312.5,313.149994,299.733917,9975658
1/20/2015,314,319.799988,314,318.149994,304.519714,13104643
1/21/2015,319.899994,327.600006,319,326.200012,312.224823,22617660
1/22/2015,326.899994,327.600006,321.799988,324.649994,310.741241,12232626
1/23/2015,328.25,332.549988,324.649994,327.450012,313.421295,17127278
1/27/2015,329.399994,332.149994,322.600006,330.049988,315.909882,13734088
1/28/2015,330.399994,336,328.200012,334.600006,320.264984,19428852
1/29/2015,332.799988,333.600006,325.100006,327,312.99057,14911660
1/30/2015,328.700012,330.5,307,308.950012,295.713867,30252827
2/2/2015,309.5,311.899994,305.100006,307.5,294.325989,17639807
2/3/2015,312,312,299.049988,300.299988,287.434448,23743882
2/4/2015,302.700012,302.950012,291.899994,293.049988,280.495026,21477507
2/5/2015,293.149994,297.799988,289.200012,290.799988,278.341461,15722348
2/6/2015,291,294.850006,285.700012,290.299988,277.862885,15985714
2/9/2015,289.5,292.799988,278,279.5,267.525574,17088719
2/10/2015,277.5,290.799988,275.700012,287.299988,274.991394,22589681
2/11/2015,290.799988,293.5,283.700012,285.950012,273.699249,17366588
2/12/2015,288.899994,289,278.299988,284.299988,272.119904,20957180
2/13/2015,288,307.950012,285.350006,306.950012,293.79953,70540056
2/16/2015,310.600006,313.149994,304.700012,306.700012,293.560272,21372131
2/18/2015,306.799988,307.899994,302,305.700012,292.603119,13472484
2/19/2015,306.100006,307.299988,296.799988,302.350006,289.396606,17762135
2/20/2015,301.899994,306.5,297.049988,302.299988,289.348785,15792502
2/23/2015,303.200012,304.600006,294.399994,296.549988,283.845093,12440505
2/24/2015,296.899994,299,292.100006,296.25,283.557953,15046698
2/25/2015,299,300.649994,295,295.549988,282.887939,12845169
2/26/2015,297,297,288.049988,289.399994,277.001404,18707345
2/27/2015,291.25,301,290.100006,299.899994,287.051575,18316053
3/2/2015,305.899994,305.899994,296.700012,302,289.061615,15085595
3/3/2015,303.5,305.399994,299.700012,302.600006,289.635925,14387971
3/4/2015,314,315,292,293.850006,281.260803,38674148
3/5/2015,294.75,296.25,289.75,293.799988,281.212921,16803823
3/9/2015,292,294,288.700012,290.649994,278.197876,13199803
3/10/2015,290.75,293.25,285.100006,287.600006,275.278564,14064427
3/11/2015,288.549988,290.899994,283.75,285.149994,272.933533,16329314
3/12/2015,288.149994,289.450012,286.100006,286.850006,274.560699,9969794
3/13/2015,290,291.049988,280,280.75,268.722015,13414248
3/16/2015,281.5,283.850006,280,281.649994,269.583466,15132928
3/17/2015,283.899994,284,279.5,283.100006,270.971344,11350496
3/18/2015,284.100006,288.450012,282,287.299988,274.991394,12394230
3/19/2015,290,290.299988,280.600006,281.600006,269.535614,11046649
3/20/2015,281.799988,282.399994,276.799988,278.25,266.329132,11482652
3/23/2015,279.399994,280,273.549988,274.75,262.979095,13058026
3/24/2015,273.799988,276.399994,269,270.549988,258.959015,17585259
3/25/2015,271.899994,272.100006,265,265.399994,254.029663,15824629
3/26/2015,264.5,265.899994,255.199997,256.649994,245.654526,22253318
3/27/2015,259.850006,264.950012,256,263.600006,252.306793,19423101
3/30/2015,265.100006,269.350006,263.149994,267.899994,256.422546,12303870
3/31/2015,268.899994,271.350006,266,267.049988,255.608963,19482636
4/1/2015,266.649994,274.649994,263.149994,273.450012,261.734772,12383589
4/6/2015,275.450012,275.75,271.200012,274.649994,262.883362,12925445
4/7/2015,275.299988,276.350006,270.299988,272.049988,260.394714,12933524
4/8/2015,271.899994,277.350006,271.850006,273.899994,262.165466,9913899
4/9/2015,275,281.799988,272.5,280.850006,268.817749,13471276
4/10/2015,281,287.350006,280.049988,285.75,273.507782,16880558
4/13/2015,287.799988,288.5,283.350006,286.299988,274.034241,11985436
4/15/2015,287.399994,294.450012,285.950012,290,277.575714,17289500
4/16/2015,290.25,294.25,286.5,292.399994,279.872925,15043998
4/17/2015,291,294.899994,289.200012,291.75,279.250763,16819018
4/20/2015,291,293.350006,284.850006,287.649994,275.326416,13788536
4/21/2015,287.399994,292,281.75,289.200012,276.809998,15487948
4/22/2015,290.549988,293.25,275.399994,283.850006,271.68924,17741741
4/23/2015,285,287.399994,276.25,277.649994,265.754822,13874710
4/24/2015,278.350006,279.600006,274.350006,275.549988,263.744781,10049508
4/27/2015,276.549988,276.549988,266.100006,267.049988,255.608963,12394191
4/28/2015,267,273.5,265.149994,272.5,260.825439,12693457
4/29/2015,272.25,273.399994,269.549988,271.899994,260.25116,8217676
4/30/2015,270.100006,273.450012,266.700012,269.75,258.193298,21635216
5/4/2015,274,278,271.649994,277.149994,265.276276,8012690
5/5/2015,277,277,271.350006,272.049988,260.394714,7102772
5/6/2015,271.450012,273.600006,263.25,265.399994,254.029663,16335660
5/7/2015,264,267.25,259.649994,260.950012,249.770294,15962706
5/8/2015,264,268,260.299988,261.950012,250.727463,14044596
5/11/2015,263.399994,277.200012,262.600006,276.049988,264.223358,17198308
5/12/2015,275.299988,275.399994,266.350006,267.399994,255.944,12792368
5/13/2015,269.899994,275,268.049988,274.299988,262.54834,9245732
5/14/2015,274,281.899994,272.950012,280.950012,268.913452,13101418
5/15/2015,282,288.350006,282,287.450012,275.13501,18247889
5/18/2015,289.899994,290,285.399994,289.75,277.336426,13266119
5/19/2015,289.200012,291.350006,286.200012,288.450012,276.092133,14541041
5/20/2015,289.5,294.799988,289.25,292.600006,280.064331,11807544
5/21/2015,294,294.75,288.450012,290.25,277.815033,12118415
5/22/2015,293,305,280.75,282.450012,270.349213,69490117
5/25/2015,280.200012,284.299988,276.149994,277.649994,265.754822,20356833
5/26/2015,279,280.799988,276,277.149994,265.276276,9675703
5/27/2015,277,281.600006,274.200012,280.75,268.722015,12176680
5/28/2015,279.799988,279.799988,276.100006,277.600006,269.061279,13024987
5/29/2015,278.649994,281.649994,277.100006,278.149994,269.594299,14809918
6/1/2015,278.649994,282,277.549988,278.200012,269.642822,11567692
6/2/2015,278.799988,279.450012,265.350006,266.25,258.060364,21653784
6/3/2015,267,267.299988,255.050003,257.399994,249.48259,25967877
6/4/2015,259.899994,261.399994,253.75,257.600006,249.676437,20210546
6/5/2015,257,262,255.600006,257.799988,249.870285,13539638
6/8/2015,258.75,258.75,252.550003,254.949997,247.107956,17384700
6/9/2015,255,258.299988,254,257.600006,249.676437,15275972
6/10/2015,259,262.549988,258.5,260.600006,252.584183,10910978
6/11/2015,262.25,262.950012,252.649994,254,246.187164,20857622
6/12/2015,254.050003,255.5,251.800003,253.949997,246.138718,11440479
6/15/2015,255,255.600006,248.850006,250.25,242.552521,13545280
6/16/2015,250.25,255.75,249,254.600006,246.768723,9896598
6/17/2015,256,256.899994,253.5,255.100006,247.253342,11241061
6/18/2015,256.450012,260.700012,255.199997,258.100006,250.161072,11598549
6/19/2015,259.899994,263.100006,258.149994,260.149994,252.14801,12216399
6/22/2015,260.899994,267.399994,260.799988,266,257.818085,11051382
6/23/2015,269.399994,271.200012,266.25,267.75,259.514252,16180083
6/24/2015,267.700012,267.899994,260.5,262.350006,254.28035,8361760
6/25/2015,261.25,266,259.049988,264.799988,256.654968,16506503
6/26/2015,264.100006,266.899994,261.049988,265.200012,257.042694,14588452
6/29/2015,258.75,260.799988,255,259.649994,251.663391,15040805
6/30/2015,259.25,263.350006,257.600006,262.75,254.66803,14181965
7/1/2015,263.100006,269.5,262.549988,267.75,259.514252,12072024
7/2/2015,267.899994,271.25,266.100006,267.850006,259.611176,8741783
7/3/2015,267.350006,270,266.799988,269.399994,261.113464,7238541
7/6/2015,263.200012,271.5,262,270.799988,262.470398,9458200
7/7/2015,270.399994,274.649994,270,272.899994,264.505829,12523410
7/8/2015,269.899994,271,265.600006,267.350006,259.126526,12669850
7/9/2015,267,271.299988,267,267.75,259.514252,6469504
7/10/2015,270.25,271,266.25,270.549988,262.228088,8788162
7/13/2015,272,274.350006,267.899994,273.700012,265.281219,8423083
7/14/2015,273.600006,273.600006,267.149994,268.200012,259.950409,10337307
7/15/2015,268.75,271.700012,267.149994,268.049988,259.805023,7483918
7/16/2015,269.75,272.75,268.100006,272.200012,263.827362,8354120
7/17/2015,272.399994,274,270.5,271.100006,262.7612,5571891
7/20/2015,272,272,266.149994,267.450012,259.22348,6418930
7/21/2015,267,269.799988,263.5,264.299988,256.170319,5638653
7/22/2015,263.700012,269.399994,261.899994,268.549988,260.289612,11322177
7/23/2015,268.5,272,267.25,270.049988,261.743469,6376216
7/24/2015,268.700012,270.350006,262.100006,263.25,255.152634,7796401
7/27/2015,263.200012,263.399994,258.049988,258.450012,250.500305,6788558
7/28/2015,260.25,263.899994,258.350006,259.200012,251.227249,10788886
7/29/2015,260,260.700012,252.300003,253.600006,245.799484,9997136
7/30/2015,253.600006,259.5,253.600006,256.799988,248.901031,10536937
7/31/2015,258,273.75,257.549988,270.049988,261.743469,20534806
8/3/2015,270,283,269.899994,281.049988,272.405121,21901780
8/4/2015,282.5,289.950012,276.399994,288.600006,279.7229,28858887
8/5/2015,289.100006,291.799988,284.25,285.399994,276.621307,10169558
8/6/2015,285.600006,290.799988,282,289.049988,280.159027,15372143
8/7/2015,288.5,288.5,280.200012,281.299988,272.64743,13845614
8/10/2015,282.049988,286,280.100006,282.75,274.052856,14694901
8/11/2015,285.799988,289.450012,267.5,268.799988,260.531921,39233644
8/12/2015,267.450012,267.450012,255.050003,256.350006,248.46489,29724325
8/13/2015,259.75,262.850006,258.149994,259.299988,251.324127,16360033
8/14/2015,261.899994,269.399994,259.25,268.5,260.24115,14852873
8/17/2015,272,281.899994,270.799988,279.75,271.145142,27500063
8/18/2015,280.799988,288,275.549988,284.799988,276.039764,27728824
8/19/2015,283.899994,285.950012,275.549988,278,269.448944,15452575
8/20/2015,277.649994,281.649994,268,270.549988,262.228088,14577599
8/21/2015,261.5,268.899994,256.200012,267.5,259.271912,19030056
8/24/2015,254.699997,257.700012,242.399994,245.399994,237.8517,29561705
8/25/2015,250,254.800003,240,253.350006,245.55719,23492839
8/26/2015,252.5,253.300003,245,245.699997,238.142471,16325529
8/27/2015,251.149994,252,248.100006,249.449997,241.77713,21076926
8/28/2015,254.5,255.899994,247.449997,248.949997,241.292511,16644381
8/31/2015,249,251.350006,245,247.350006,239.74173,21645114
9/1/2015,244.850006,244.850006,237.699997,239.100006,231.745483,19689080
9/2/2015,242.649994,243,230.100006,230.550003,223.458481,23655457
9/3/2015,232.649994,235.399994,231,232.25,225.106186,14680299
9/4/2015,231.899994,231.899994,224,225.149994,218.224564,20466346
9/7/2015,227.100006,227.5,220.149994,221.100006,214.299164,15424783
9/8/2015,223,230.25,221.149994,228.350006,221.326157,16189253
9/9/2015,233.949997,234.5,229.100006,231.649994,224.524643,18237115
9/10/2015,227.350006,229.800003,224.100006,227.449997,220.453827,14195882
9/11/2015,230.899994,233.300003,228,230.100006,223.022339,13650937
9/14/2015,231.550003,236,230,235.25,228.013901,10671222
9/15/2015,235.199997,238.449997,232.649994,232.899994,225.736191,13193410
9/16/2015,236.399994,237.75,235,236.800003,229.51622,11272509
9/18/2015,240,246.449997,239.5,242,234.55629,16049395
9/21/2015,239.550003,246,237.25,245.25,237.706314,9602436
9/22/2015,247.949997,248.449997,236.25,237.949997,230.630859,13667322
9/23/2015,235,241.899994,233.600006,239.850006,232.472427,13614082
9/24/2015,239.449997,241.449997,238.050003,239.050003,231.697037,9299508
9/28/2015,241,243.649994,238.649994,239.449997,232.084717,8588230
9/29/2015,236,245.399994,232.199997,241.899994,234.459351,24488685
9/30/2015,244.850006,245.399994,235.699997,237.149994,229.855453,17011911
10/1/2015,241.199997,241.899994,234.399994,235.149994,227.916977,11590498
10/5/2015,238.100006,241.350006,237.25,240,232.617813,18307463
10/6/2015,242.699997,242.800003,237.699997,240.100006,232.714722,10087077
10/7/2015,240.149994,244.25,239.050003,243.550003,236.058624,10608795
10/8/2015,242.449997,245.199997,241.100006,243.300003,235.816299,9230511
10/9/2015,245.5,247.800003,240.649994,243.449997,235.96167,12171416
10/12/2015,244.100006,245.649994,241.300003,244.550003,237.027832,7566962
10/13/2015,244,247.5,242.050003,243.800003,236.300919,10200698
10/14/2015,243.699997,246.800003,243.199997,244.25,236.737076,7895820
10/15/2015,246,249.899994,245.5,248.949997,241.292511,11582401
10/16/2015,249.850006,257.149994,248.350006,256.799988,248.901031,11738832
10/19/2015,256.649994,257.100006,253.5,254.5,246.671783,8969153
10/20/2015,254.5,257.100006,253.199997,254.850006,247.011032,8811740
10/21/2015,254,255.899994,248.550003,249.800003,242.116364,8606466
10/23/2015,253,254.850006,252,253.399994,245.605621,7544810
10/26/2015,254.75,256,250.350006,251.25,243.521759,13085058
10/27/2015,250.100006,252.199997,248.100006,248.800003,241.147125,6565348
10/28/2015,248,249.449997,241.199997,242.050003,234.604752,12310403
10/29/2015,241.5,241.800003,236.449997,236.949997,229.661606,16114932
10/30/2015,238.699997,240.399994,235.100006,237.050003,229.75856,8669606
11/2/2015,238,238,232.699997,236.899994,229.613159,7611610
11/3/2015,239.350006,239.699997,235,235.949997,228.692383,8323201
11/4/2015,239.199997,240.5,237,239,231.64856,8418352
11/5/2015,238,239,233.100006,233.899994,226.705429,8906564
11/6/2015,235.600006,244.800003,233,243,235.525528,30821077
11/9/2015,236,248.300003,235.600006,246.100006,238.530167,22806485
11/10/2015,244.899994,247.25,240.100006,241.199997,233.780884,11767845
11/13/2015,241.5,241.800003,237.699997,240.25,232.860107,9082062
11/16/2015,239.5,249.350006,239.100006,248.300003,240.662506,14051479
11/17/2015,250,251.649994,246.699997,247.850006,240.226349,11273394
11/18/2015,247.600006,248.699997,239.449997,241,233.587036,10397889
11/19/2015,243.050003,245,241.399994,243.899994,236.397842,7325199
11/20/2015,243.949997,249.899994,242,242.949997,235.477066,13718619
11/23/2015,243.899994,245.25,240.550003,242.699997,235.234741,10552151
11/24/2015,242.5,244,240.600006,241.399994,233.974747,6651669
11/26/2015,241.949997,244.899994,241,242.5,235.040909,13629888
11/27/2015,243,250.5,242.800003,249.699997,242.019424,15149912
11/30/2015,249.649994,253,245,248.649994,241.001724,12865469
12/1/2015,250.850006,251.899994,249.300003,250.199997,242.504059,9501537
12/2/2015,250.550003,250.649994,243.75,244.600006,237.076309,10881754
12/3/2015,244.149994,244.5,240.399994,241.100006,233.683975,7155630
12/4/2015,240,242.149994,238.050003,241.100006,233.683975,11115170
12/7/2015,242.949997,242.949997,238,238.649994,231.309311,7531729
12/8/2015,238.100006,239.949997,235.300003,235.949997,228.692383,8254434
12/9/2015,235.399994,238.199997,233.600006,234.399994,227.190048,7408777
12/10/2015,236,236.75,230.600006,231.949997,224.815414,11713559
12/11/2015,232.899994,233.899994,225.100006,227.300003,220.308441,12872949
12/14/2015,224.899994,227.699997,224,225.949997,218.999954,12464883
12/15/2015,227,227.149994,224,226.399994,219.436111,10404430
12/16/2015,227.75,229.600006,225.25,227.300003,220.308441,13030720
12/17/2015,230,232.399994,228.5,230.899994,223.797699,14539096
12/18/2015,229.949997,232.350006,225.800003,226.5,219.533051,18871084
12/21/2015,226.899994,231,226.5,230.449997,223.361542,9557098
12/22/2015,231.649994,232.25,227.5,228.350006,221.326157,9155574
12/23/2015,230.25,231,228.899994,229.649994,222.586151,7914311
12/24/2015,230.850006,231,227.600006,228.300003,221.277679,7257958
12/28/2015,229.050003,229.949997,228,228.899994,221.859222,8756879
12/29/2015,228.850006,229.949997,227.5,228.199997,221.180756,7263286
12/30/2015,229,229.699997,224.850006,225.800003,218.854568,11702877
12/31/2015,225.949997,226.550003,224,224.449997,217.546097,11558305
1/1/2016,225,228.899994,224.5,227.800003,220.79306,6449426
1/4/2016,226.949997,226.949997,220.050003,220.699997,213.911453,14092071
1/5/2016,222.800003,222.800003,217,217.75,211.0522,15074848
1/6/2016,217.899994,219.899994,216.399994,216.850006,210.179871,11921123
1/7/2016,214,214.100006,209,209.550003,203.104416,14342279
1/8/2016,212,212.5,208.600006,208.949997,202.522858,11745840
1/11/2016,206.800003,207.5,202.649994,204.300003,198.015915,19287860
1/12/2016,204.850006,205,198.600006,199.399994,193.266632,20318816
1/13/2016,201.350006,202.399994,194,200.899994,194.72049,23788247
1/14/2016,197,201.5,194.300003,196.050003,190.019653,20256636
1/15/2016,197.800003,197.800003,181,184.300003,178.631088,29090426
1/18/2016,184.899994,188.149994,179.149994,181,175.432587,35653244
1/19/2016,182.149994,187.800003,181.5,182.949997,177.322617,24501774
1/20/2016,180.649994,180.649994,171.5,173.649994,168.30867,28655794
1/21/2016,177,178.649994,172.050003,175.600006,170.1987,28697205
1/22/2016,179.899994,185.399994,178.300003,184.600006,178.92186,21432409
1/25/2016,187.899994,188.800003,182.5,182.949997,177.322617,17534650
1/27/2016,184.399994,186.199997,181.050003,184.399994,178.727997,16569813
1/28/2016,184.199997,185.899994,182.5,185.25,179.551865,20241030
1/29/2016,184.199997,185.75,178.100006,179.899994,174.366409,24259147
2/1/2016,181.949997,181.949997,172.100006,172.75,167.436356,22915269
2/2/2016,173.100006,177.399994,168.600006,169.399994,164.189392,35957332
2/3/2016,167.800003,167.800003,163.25,166.050003,160.942444,24132003
2/4/2016,169.300003,169.800003,160.199997,162.850006,157.840866,23811109
2/5/2016,163.699997,169.300003,162.199997,168.199997,163.026306,22732245
2/8/2016,169.449997,176.899994,168.550003,172.149994,166.854797,22289005
2/9/2016,168,172.399994,166.100006,167.050003,161.911682,19008384
2/10/2016,165,166.199997,158,159,154.109283,32294785
2/11/2016,159.5,167.5,152.199997,154.25,149.505402,72749830
2/12/2016,156.149994,157.649994,148.25,154.800003,150.038483,41187889
2/15/2016,159,170,158,167.850006,162.687073,35956266
2/16/2016,170.75,170.75,155.649994,156.399994,151.589249,33816243
2/17/2016,155,159.850006,151.25,158.949997,154.060837,32447698
2/18/2016,161.949997,163.699997,156.399994,159.800003,154.884689,21024178
2/19/2016,157.899994,165.300003,157.100006,164.699997,159.633957,24592575
2/22/2016,165.949997,166.800003,163.699997,164.949997,159.876266,15815058
2/23/2016,165,165,158,158.5,153.624664,20200068
2/24/2016,156,160.699997,155.300003,156.300003,151.492355,19440950
2/25/2016,157.600006,158.100006,151,151.800003,147.130768,22713124
2/26/2016,155.5,158.699997,152.550003,155.899994,151.10463,30051402
2/29/2016,158.199997,163.899994,153,158.75,153.866989,66981910
3/1/2016,160.5,162.899994,158.550003,162.050003,157.065491,23588231
3/2/2016,172.5,183.199997,172.5,181.149994,175.577957,53333757
3/3/2016,184,184.600006,178.5,182.75,177.128754,33507048
3/4/2016,183.399994,189.850006,178.5,188.399994,182.60498,38860711
3/8/2016,186.949997,186.949997,181.399994,183.350006,177.710312,27928279
3/9/2016,180,184,178.699997,183.399994,177.758774,29453018
3/10/2016,184.75,184.75,179.399994,180.5,174.947983,20472928
3/11/2016,180,182.649994,177.550003,180.100006,174.560287,21869157
3/14/2016,182.449997,183.399994,180.699997,181.75,176.159515,14369755
3/15/2016,181.649994,186.199997,181.649994,185.300003,179.600342,22369600
3/16/2016,185,185.899994,181.600006,185.199997,179.503387,19237834
3/17/2016,188,189.300003,185,186.350006,180.618042,21560986
3/18/2016,186.850006,192,186,191.25,185.36731,21144216
3/21/2016,193,197.300003,193,196.800003,190.746597,20678069
3/22/2016,196.800003,198.25,194.5,197.5,191.425064,16728809
3/23/2016,196.899994,197.600006,195.300003,196.600006,190.55275,13362780
3/28/2016,195.800003,198.25,187.649994,188.300003,182.508041,19760603
3/29/2016,188.5,191.25,186.649994,189.5,183.671143,16804848
3/30/2016,192.25,198.300003,190.5,197.550003,191.473526,20709407
3/31/2016,197.850006,198.75,192.350006,194.25,188.27504,30132473
4/1/2016,193.699997,197.25,192,195.649994,189.631958,21752206
4/4/2016,197.300003,197.449997,192.550003,194.699997,188.711182,15732565
4/5/2016,193.899994,194.550003,183.300003,184.350006,178.679565,36635637
4/6/2016,185,185.5,182.199997,183.850006,178.194931,16350631
4/7/2016,183.800003,185.649994,181,181.949997,176.353363,19430601
4/8/2016,181.649994,183.949997,180.199997,183.100006,177.468002,15805231
4/11/2016,183.850006,188.899994,182,188.25,182.459595,18990364
4/12/2016,188.5,190.25,186.300003,187.800003,182.023422,14563344
4/13/2016,191.550003,193.800003,190.800003,191.899994,185.997314,17573045
4/18/2016,191.449997,191.5,185.600006,186.75,181.005722,13985439
4/20/2016,188.350006,188.649994,184.100006,187.300003,181.538818,20163005
4/21/2016,190.5,197.399994,190,194.350006,188.371964,31008152
4/22/2016,193.600006,201.5,191.550003,200.149994,193.993546,34049763
4/25/2016,200.949997,202.550003,195.800003,197.050003,190.988907,23835613
4/26/2016,195.949997,201.399994,194.550003,200.949997,194.768936,21809451
4/27/2016,200.899994,200.899994,195.5,196.149994,190.116592,22801603
4/28/2016,196.75,198.199997,191.199997,192.050003,186.1427,24555479
4/29/2016,191.899994,194,186.449997,189,183.186523,21021661
5/2/2016,187.600006,188.449997,185.5,186,180.278793,14469844
5/3/2016,187,189.350006,183.649994,184.050003,178.388794,16247931
5/4/2016,183.5,184.399994,179.149994,179.949997,174.414886,17826594
5/5/2016,180.25,182.699997,178.5,180.350006,174.802597,17742028
5/6/2016,180.949997,184.949997,180.100006,184.350006,178.679565,18336962
5/9/2016,186.5,189.399994,185.050003,188.699997,182.895752,13863696
5/10/2016,187.600006,190.300003,186.699997,189.5,183.671143,13845979
5/11/2016,185.399994,188.5,184.100006,185,179.30957,18128414
5/12/2016,187.100006,189.5,185.399994,188.5,182.701904,17398341
5/13/2016,187.949997,187.949997,184.300003,184.850006,179.164169,15546644
5/16/2016,185,185,175.149994,176.800003,171.361771,30937008
5/17/2016,178.5,178.600006,175.25,176.850006,171.410248,22183140
5/18/2016,176.899994,180.449997,173.550003,179.949997,174.414886,25345278
5/19/2016,181,181,171.899994,172.699997,167.387878,25480517
5/20/2016,173.5,174.699997,170.550003,171.350006,166.079422,16720624
5/23/2016,172.300003,172.699997,168.199997,168.399994,163.220154,16193112
5/24/2016,168.800003,170.399994,166.399994,169.5,164.286331,14816798
5/25/2016,171.5,175.800003,171.449997,175.100006,169.714081,18900887
5/26/2016,175.100006,185.5,173.5,184.149994,178.485687,30700988
5/27/2016,184,202.399994,181.5,195.899994,189.874283,85585820
5/30/2016,200.199997,203.899994,194.600006,198.850006,192.733551,46075949
5/31/2016,198.800003,205.699997,196.199997,204.949997,198.645905,39457647
6/1/2016,205.949997,208.300003,196.600006,198.25,192.151993,41868032
6/2/2016,197.850006,202.300003,195.550003,200.550003,194.381241,23499884
6/3/2016,201,202.149994,195.399994,196.600006,193.055588,24568749
6/6/2016,197.449997,202.600006,197.100006,198.899994,195.314117,23623536
6/7/2016,200.449997,211.149994,200.149994,210.149994,206.361313,66063192
6/8/2016,210.149994,211.899994,207.550003,210.699997,206.901398,35163093
6/9/2016,210,212.800003,208.300003,209.949997,206.164902,27858182
6/10/2016,209.350006,211.5,205.300003,205.949997,202.23703,25598224
6/13/2016,201.5,202.600006,200.199997,201.800003,198.16185,21192525
6/14/2016,204.350006,208.600006,203.800003,207.699997,203.955475,23918910
6/15/2016,209.75,217.550003,208.550003,216.050003,212.154938,48362742
6/16/2016,216,218.5,213.050003,216,212.10585,48122379
6/17/2016,216.75,217.5,211.600006,213.449997,209.601807,26486677
6/20/2016,208,216.699997,207.899994,215.899994,212.007629,32633757
6/21/2016,215,217.5,213.149994,214,210.141891,18960306
6/22/2016,214,215.25,211.449997,212.899994,209.061722,16395548
6/23/2016,213,218,212.75,217.550003,213.627899,20666649
6/24/2016,205.899994,212.350006,202.5,211.25,207.441483,47224652
6/27/2016,210.800003,218.850006,210.550003,217.149994,213.235092,29021651
6/28/2016,216.75,218.649994,215.399994,215.899994,212.007629,21784062
6/29/2016,217.899994,218.800003,216.100006,217.199997,213.28421,18019568
6/30/2016,220,221.899994,217.899994,218.800003,214.855362,30600995
7/1/2016,220.800003,221,218.899994,219.600006,215.640945,15346865
7/4/2016,222.350006,224.350006,222,223,218.979645,16534518
7/5/2016,223.25,225.149994,221.550003,223.5,219.470627,15357018
7/7/2016,223.899994,224.600006,219.350006,220.050003,216.082825,12917872
7/8/2016,220.149994,220.850006,216.5,218.300003,214.36438,16017389
7/11/2016,223.600006,225.449997,222,224.699997,220.648987,15831791
7/12/2016,225,227.199997,224.149994,226.699997,222.61293,19374179
7/13/2016,227,228.5,223.949997,227.699997,223.594894,18377333
7/14/2016,227,232.850006,226,232,227.817383,21208021
7/15/2016,232.899994,234.399994,230.800003,231.5,227.326385,15068302
7/18/2016,232.399994,233.850006,228.199997,228.75,224.625977,11816985
7/19/2016,230,232.149994,227,229.600006,225.460648,19767339
7/20/2016,230.649994,232.75,229.199997,231.149994,226.982697,18051608
7/21/2016,231.649994,232.100006,224.399994,225.649994,221.581848,13306837
7/22/2016,225.399994,225.899994,222.100006,223.5,219.470627,12341622
7/25/2016,223,231,222.699997,229.899994,225.755234,18427070
7/26/2016,230,232.199997,225.899994,226.699997,222.61293,14162638
7/27/2016,227.75,231,226.800003,229.25,225.116959,17626617
7/28/2016,230.149994,235.149994,229.300003,231,226.835403,26838284
7/29/2016,230,232.699997,228.399994,229.399994,225.264252,15577230
8/1/2016,230.800003,232.649994,225.300003,227.300003,223.202118,16071228
8/2/2016,229.300003,230.899994,227.300003,228.050003,223.938599,16145066
8/3/2016,228.5,230.5,225.800003,226.649994,222.563828,14838944
8/4/2016,228.449997,228.699997,223.199997,225.649994,221.581848,17810908
8/5/2016,227.350006,233.899994,226.899994,232.75,228.553864,21264296
8/8/2016,233.949997,235.899994,231.699997,233.25,229.044861,16972827
8/9/2016,234.25,238,232.649994,235.149994,230.910599,19854185
8/10/2016,236.75,236.899994,231.050003,231.5,227.326385,16279843
8/11/2016,231.5,231.600006,226.100006,227.149994,223.05481,16673286
8/12/2016,227,247.949997,224.399994,243.300003,238.913666,86616475
8/16/2016,245.25,247.899994,242.649994,246.75,242.301453,27709873
8/17/2016,246.449997,249.800003,244.300003,246.25,241.810486,18294050
8/18/2016,246.899994,250.399994,246.550003,248.399994,243.921707,14314950
8/19/2016,255,260,253.5,258.5,253.839615,39822529
8/22/2016,259.799988,260.399994,254,254.800003,250.206345,19769886
8/23/2016,254.899994,255.800003,251,254.75,250.157227,17583721
8/24/2016,254.949997,256.200012,253.5,254.399994,249.813538,11560293
8/25/2016,254.899994,255.550003,248.600006,250.149994,245.640152,21230706
8/26/2016,250.300003,250.699997,245.850006,246.600006,242.154175,16531983
8/29/2016,245.850006,249.850006,244.25,249.050003,244.559998,11786129
8/30/2016,250.149994,252.899994,249.800003,252.25,247.702316,15323228
8/31/2016,253.25,255.800003,251.199997,252.5,247.9478,15601566
9/1/2016,251.949997,254.850006,251.149994,252,247.456802,12175873
9/2/2016,252,255.199997,251.649994,254.600006,250.009933,11380257
9/6/2016,257.200012,261.5,256,260.100006,255.410782,16620963
9/7/2016,262.899994,270.299988,260.399994,266.799988,261.98999,30862337
9/8/2016,268,271.600006,266.899994,268.350006,263.512054,14339143
9/9/2016,268.399994,268.399994,263.350006,264.100006,259.338684,11455826
9/12/2016,257.5,258.75,251.800003,252.75,248.193298,18989750
9/14/2016,255,258,253,257.549988,252.906754,12754966
9/15/2016,258.350006,258.350006,254.199997,256,251.384705,7783662
9/16/2016,257.950012,262,253.399994,254.300003,249.715363,18013477
9/19/2016,256,258.299988,255.199997,255.649994,251.041016,11433295
9/20/2016,256.399994,256.399994,253.649994,254.449997,249.862625,9914599
9/21/2016,254.5,256.25,250.649994,251.149994,246.622131,12817180
9/22/2016,257.899994,258.450012,255.100006,257.899994,253.250443,20797370
9/23/2016,258.799988,258.799988,253.800003,254.550003,249.960846,12730223
9/26/2016,253.949997,254.449997,250.649994,251.649994,247.113113,8800173
9/27/2016,253.149994,253.899994,248.300003,249,244.51091,11345387
9/28/2016,250,255.800003,248.050003,253.75,249.175262,17277539
9/29/2016,255,256.75,243.5,247.25,242.792435,27870695
9/30/2016,246.850006,252.5,245.800003,251.25,246.720337,14826293
10/3/2016,253,256.649994,252.649994,255.300003,250.697311,9314647
10/4/2016,255.800003,262,253.800003,259.75,255.067078,21532806
10/5/2016,262,264.899994,259.549988,260.850006,256.147247,20868556
10/6/2016,261.350006,262,255.649994,256.799988,252.170258,11081154
10/7/2016,257.25,259.899994,255.25,258.700012,254.036041,11934100
10/10/2016,259.350006,260.299988,256.049988,256.600006,251.973892,9399844
10/13/2016,254.949997,255.350006,245.850006,249.649994,245.14917,18050638
10/14/2016,251,253.550003,249.100006,252.100006,247.555023,12133951
10/17/2016,253.75,256.450012,252,253.199997,248.635178,16865537
10/18/2016,254.899994,257.700012,253.800003,256.899994,252.268463,20218355
10/19/2016,258,258,254.850006,255.399994,250.795502,9546481
10/20/2016,255.699997,260.899994,255.300003,260.200012,255.508987,14179531
10/21/2016,259.75,259.75,256.100006,258.5,253.839615,8833390
10/24/2016,259.299988,264.899994,259.299988,262.950012,258.209412,14483254
10/25/2016,264,264.549988,260.75,261.450012,256.73645,9079178
10/26/2016,260.399994,264.850006,256.799988,258.75,254.085129,15020687
10/27/2016,258,258.100006,254.300003,255.399994,250.795502,10938008
10/28/2016,255.899994,258.799988,254,258,253.348633,11430184
11/1/2016,257,260.899994,256.5,258.950012,254.281525,10000632
11/2/2016,254.100006,256,250.550003,251.050003,246.523941,13716294
11/3/2016,251.149994,252.800003,244.850006,245.649994,241.221283,12902390
11/4/2016,246.25,247.399994,240.300003,242.850006,238.471786,12657669
11/7/2016,248,253.899994,245.5,252.699997,248.14418,11224419
11/8/2016,253.699997,254.100006,248.649994,252.649994,248.095093,9367228
11/9/2016,235,261.049988,235,260,255.312592,31761606
11/10/2016,267,284.200012,265.25,281.299988,276.228546,50227559
11/11/2016,278.75,288.799988,270.5,273,268.078217,57937113
11/15/2016,275.149994,283.450012,270.700012,278.200012,273.184479,48658808
11/16/2016,284,284.799988,276.149994,277.200012,272.202484,27532708
11/17/2016,278,282.200012,275.600006,277.450012,272.447998,19500760
11/18/2016,278.149994,280,274.850006,275.799988,270.827728,13389671
11/21/2016,277.149994,277.600006,255.850006,257.350006,252.710358,26002028
11/22/2016,260.799988,262.649994,251.149994,257.350006,252.710358,25631435
11/23/2016,259.799988,260.350006,254.75,258.649994,253.986908,16190033
11/24/2016,257.799988,263,254.550003,261.75,257.031036,28927720
11/25/2016,263.5,264.5,258.350006,260.950012,256.245483,19303589
11/28/2016,253.449997,257.75,248,253.550003,248.978867,22315183
11/29/2016,254.25,256.5,252,252.699997,248.14418,12656706
11/30/2016,254,260.149994,252.699997,258.350006,253.692322,16501691
12/1/2016,259.649994,261,254.649994,255.649994,251.041016,12986151
12/2/2016,253.949997,261.399994,253,254.100006,249.518951,21139754
12/5/2016,254.399994,257.799988,253.199997,256.899994,252.268463,8406973
12/6/2016,258.5,260.149994,256.350006,259.100006,254.428818,10048459
12/7/2016,260.350006,262.75,251.649994,255.600006,250.991913,22193202
12/8/2016,258.450012,260.5,258.049988,259.899994,255.214371,9047721
12/9/2016,260.799988,267.200012,258.799988,266.649994,261.842682,16004173
12/12/2016,268.899994,269.350006,262.299988,263.649994,258.89679,14296268
12/13/2016,264.899994,266.75,261.549988,266.149994,261.351715,9084137
12/14/2016,266,266.25,262.299988,262.899994,258.160278,8672531
12/15/2016,259.899994,267.5,259,265.399994,260.615234,12274497
12/16/2016,266.350006,266.350006,263.049988,264.75,259.976959,11017555
12/19/2016,263.350006,264.5,260.850006,261.350006,256.638245,8371299
12/20/2016,261.850006,262.899994,253.25,254.550003,249.960846,12765309
12/21/2016,256.100006,258,254.100006,255.350006,250.746429,8778450
12/22/2016,254.25,254.25,248.350006,249.800003,245.296478,12981595
12/23/2016,249.75,251.800003,247.800003,249.149994,244.658188,10557157
12/26/2016,248,248.300003,243.600006,244.199997,239.79744,8592983
12/27/2016,244.600006,249.949997,243.100006,248.75,244.265396,8756536
12/28/2016,249.25,252.5,247.149994,247.75,243.283432,11747088
12/29/2016,247.649994,248.850006,245.5,247.649994,243.185226,10658616
12/30/2016,247.75,252.300003,247.25,250.199997,245.68927,10538497
1/2/2017,252.5,253.649994,242.600006,243.600006,239.208252,25988990
1/3/2017,244,246.399994,241.100006,244.899994,240.484818,15963085
1/4/2017,245.800003,246.399994,242.199997,242.899994,238.520859,11225978
1/5/2017,245,245.899994,243.699997,245.350006,240.926697,11970913
1/6/2017,246,249,245.5,245.899994,241.466782,12354302
1/9/2017,246.399994,248.350006,246,247.050003,242.596054,8329253
1/10/2017,247.699997,249,246.399994,248.300003,243.823532,9352013
1/11/2017,249.649994,253.199997,249,252.149994,247.604095,13415303
1/12/2017,252.899994,254.449997,250.550003,251.25,246.720337,11282323
1/13/2017,252,252.600006,249.100006,250.899994,246.376648,9333736
1/16/2017,251.050003,256.399994,250.699997,255.75,251.139206,13234727
1/17/2017,257.450012,258.649994,254.399994,256,251.384705,9480201
1/18/2017,257.100006,259.299988,256.600006,258.350006,253.692322,8048897
1/19/2017,257.200012,262,256.5,258.399994,253.74144,13029151
1/20/2017,258.5,260.5,250.300003,251.050003,246.523941,15341756
1/23/2017,251,255.199997,250.100006,254.149994,249.568054,9339939
1/24/2017,255.100006,257,254,254.899994,250.30452,13540202
1/25/2017,255.550003,261,254.199997,259.200012,254.527023,16343545
1/27/2017,260.299988,268.200012,259.5,266.450012,261.646332,18039379
1/30/2017,265.850006,267.899994,263.399994,263.950012,259.191406,11884795
1/31/2017,261.149994,263.850006,259.649994,260.350006,255.656281,8899165
2/1/2017,262,271.899994,261.600006,270.700012,265.819672,27253142
2/2/2017,271.850006,275,268.700012,273.299988,268.372803,20139955
2/3/2017,273,278.549988,272,277.549988,272.546173,15366890
2/6/2017,280,282.5,276,277.049988,272.055206,14725291
2/7/2017,277.850006,280,276.299988,277.899994,272.889862,10981984
2/8/2017,278.100006,279.25,272.600006,277.200012,272.202484,13622088
2/9/2017,278.799988,280.299988,270.850006,275.850006,270.876831,16080181
2/10/2017,278.75,282.799988,275,276.350006,271.367828,37580487
2/13/2017,277.799988,278.25,270.200012,271.649994,266.752533,19853043
2/14/2017,272,273,268.100006,270.200012,265.328705,13306738
2/15/2017,270.950012,272.5,267.049988,268.950012,264.101227,12201568
2/16/2017,277,277,269.649994,270.5,265.623291,21794688
2/17/2017,271.149994,273.649994,267.700012,269.350006,264.494019,17830528
2/20/2017,269.899994,271.549988,268,269.649994,264.788605,9229363
2/21/2017,270,271.5,268.649994,270.700012,265.819672,7754157
2/22/2017,271.899994,274.700012,269.5,272.299988,267.390808,12617613
2/23/2017,271.700012,273,269.600006,270.450012,265.574219,13146194
2/27/2017,270.799988,271.450012,267.600006,268.25,263.413849,9645350
2/28/2017,268.899994,271.25,268,269.200012,264.346741,7941592
3/1/2017,270,273.299988,269.799988,271.75,266.850739,7656892
3/2/2017,273,274.700012,266.5,267.299988,262.480957,14220808
3/3/2017,266.25,268.899994,264.25,265.049988,260.271545,10120034
3/6/2017,266.600006,270.350006,266.350006,269.850006,264.985016,9515073
3/7/2017,270.799988,270.899994,266.399994,267.799988,262.971954,11599142
3/8/2017,267.799988,270.299988,266,269.899994,265.034088,9122987
3/9/2017,269,273.899994,268.399994,273.25,268.3237,15594429
3/10/2017,274.5,275.549988,269.5,272.049988,267.145325,9557026
3/14/2017,278.399994,278.399994,273.799988,274.649994,269.698456,15734886
3/15/2017,272.649994,280.5,272.649994,277.350006,272.349792,20055974
3/16/2017,278,280.200012,276.049988,279.299988,274.264618,18005184
3/17/2017,279.450012,279.5,273.5,274.149994,269.207458,14265642
3/20/2017,274.75,274.75,271.799988,273.899994,268.962006,9678185
3/21/2017,274.399994,277.049988,270.149994,272.350006,267.439941,11898233
3/22/2017,270.299988,271,266.799988,267.5,262.677368,9887203
3/23/2017,269,269.399994,266.700012,268.5,263.659332,7998170
3/24/2017,269.5,278.950012,268.649994,276.5,271.515106,20133467
3/27/2017,276,280.799988,275.200012,279.450012,274.411957,15966114
3/28/2017,280.649994,282.899994,278.5,282.100006,277.01416,18673371
3/29/2017,283.149994,289.899994,283.149994,288.450012,283.249695,31008407
3/30/2017,289,293.75,288.850006,291.049988,285.802795,19683170
3/31/2017,292,295,288.5,293.399994,288.110443,20185269
4/3/2017,294.799988,295.700012,292.200012,293.149994,287.864929,10509610
4/5/2017,293.299988,298.75,289.649994,297.350006,291.989227,21936647
4/6/2017,295.450012,297.549988,291.450012,292.850006,287.570343,18413111
4/7/2017,291.700012,294.799988,287.649994,289.450012,284.231659,10765502
4/10/2017,289.799988,290.350006,286.549988,289.350006,284.133453,10307875
4/11/2017,289.299988,295.149994,288.799988,294.5,289.190613,11682024
4/12/2017,294,295.450012,289.100006,290.149994,284.919006,13251421
4/13/2017,290.25,293.100006,290,291.549988,286.293762,9944020
4/17/2017,291.100006,292.75,288.5,289.899994,284.673523,8146800
4/18/2017,291.049988,296.899994,288.399994,290.299988,285.066315,13457050
4/19/2017,291.549988,291.75,282.899994,284.049988,278.928986,18149995
4/20/2017,283.899994,286.899994,282.200012,284.799988,279.665436,14514929
4/21/2017,287,287,279.25,282.200012,277.112366,12042308
4/24/2017,283.25,287.850006,280.899994,286.049988,280.892914,10077853
4/25/2017,287.5,288.799988,285,286.049988,280.892914,11531902
4/26/2017,287.100006,289.5,283.350006,286.450012,281.285736,13836891
4/27/2017,286.450012,287.950012,281.049988,282.049988,276.965027,22622372
4/28/2017,283,290.75,282.5,289.75,284.526245,14152004
5/2/2017,290.25,292.5,287.100006,288.299988,283.102386,9754789
5/3/2017,289.399994,293.200012,285.799988,289.799988,284.575317,13950914
5/4/2017,294,300,293.100006,299.049988,293.658569,24534923
5/5/2017,301,304.899994,292.149994,296,290.663544,34756331
5/8/2017,296.100006,300.75,293.899994,299.399994,294.002258,11560550
5/9/2017,300.899994,300.899994,295.25,296.5,291.154541,7843574
5/10/2017,297,298.149994,293,294.450012,289.14151,8699405
5/11/2017,295.899994,299.399994,294.450012,298.100006,292.725708,11934889
5/12/2017,300,302.600006,296,297.899994,292.529297,13376269
5/15/2017,298.399994,302,297.5,301.399994,295.966187,10383539
5/16/2017,302,308.399994,299.350006,307.5,301.956238,17533439
5/17/2017,308,308.799988,305.5,307.649994,302.103516,14120513
5/18/2017,304.850006,307.899994,302,302.950012,297.488281,15471393
5/19/2017,304.450012,315.299988,302,308,302.447205,55250969
5/22/2017,308.950012,309.399994,293.200012,294.299988,288.994171,35771221
5/23/2017,295,295.899994,287.25,288.850006,283.642456,19846852
5/24/2017,290.049988,290.450012,281.649994,283.149994,278.045227,16435958
5/25/2017,284.149994,291.350006,283.549988,290.100006,284.869934,15018467
5/26/2017,290.5,291,285.299988,288.450012,285.811249,12304394
5/29/2017,288.899994,290.850006,283.299988,284,281.401947,10619968
5/30/2017,283.399994,289.75,281.049988,288.850006,286.207581,9643418
5/31/2017,289,291.5,287.200012,288.299988,285.662598,10697171
6/1/2017,287.950012,291.399994,284.600006,287.450012,284.820404,12186700
6/2/2017,289.899994,290.5,286.350006,287.049988,284.424042,12004368
6/5/2017,288.049988,289.75,286.75,287.25,284.622223,7917410
6/6/2017,292,292.950012,286.600006,287.299988,284.671753,12346121
6/7/2017,288.200012,291.5,287.200012,290.549988,287.892029,10864355
6/8/2017,292,292,287.75,288.600006,285.959869,8370299
6/9/2017,288.299988,289.399994,285.799988,288.549988,285.910309,10804887
6/12/2017,286.75,287,284.299988,284.950012,282.343262,10326846
6/13/2017,285.399994,287,283,283.850006,281.253326,9171049
6/14/2017,285.899994,286.299988,282.600006,284.200012,281.600128,11566255
6/15/2017,283.850006,285.799988,281.350006,284,281.401947,11925641
6/16/2017,284.700012,286.649994,283.25,285.950012,283.334137,19246907
6/19/2017,286.600006,289.850006,285.299988,288.850006,286.207581,14848661
6/20/2017,287.600006,291,285.600006,290.100006,287.446167,14927701
6/21/2017,288.25,292.450012,288.25,290.899994,288.238831,10537576
6/22/2017,291.25,295.899994,291.049988,294.5,291.805908,26110402
6/23/2017,294.75,295.549988,287.799988,288.950012,286.306671,20648597
6/27/2017,289.25,289.450012,276.799988,279.649994,277.091736,25523129
6/28/2017,277.600006,278.450012,273.75,276.399994,273.87146,17241351
6/29/2017,277.149994,279.299988,271.649994,272.450012,269.957611,30457363
6/30/2017,272,274.75,269.700012,273.649994,271.146637,12235472
7/3/2017,274.100006,275.5,272.549988,274.850006,272.335663,8951033
7/4/2017,275,276.450012,272.049988,273,270.502594,7856082
7/5/2017,273.899994,275.600006,272.350006,274.899994,272.385193,10048734
7/6/2017,275.049988,282.700012,274.600006,281,278.429382,16115817
7/7/2017,280.600006,282.399994,279.200012,280.100006,277.537628,5914038
7/10/2017,284.100006,287,283.200012,285.549988,282.937744,2095795
7/11/2017,287.5,289.700012,283,283.549988,280.956055,12400820
7/12/2017,284.700012,288.399994,283.200012,287.649994,285.018555,7524835
7/13/2017,288.899994,290,286.549988,288.75,286.10849,8434324
7/14/2017,288.799988,293.600006,287.25,291.600006,288.932434,13750192
7/17/2017,292.799988,294.100006,289.649994,293,290.319611,10549310
7/18/2017,291.850006,296.399994,290,291,288.337921,11913832
7/19/2017,291.5,294,291.399994,293.299988,290.616852,9006728
7/20/2017,293,294.25,290.049988,290.950012,288.288391,6256500
7/21/2017,291.049988,292.200012,288.25,290.649994,287.991119,7266604
7/24/2017,290.799988,296.299988,290.700012,294.549988,291.855438,11195781
7/25/2017,296,297.299988,294.649994,296.100006,293.391266,10846999
7/26/2017,296.25,299.649994,295.25,295.799988,293.093994,12527914
7/27/2017,297,299.850006,296.200012,298.350006,295.620697,22286060
7/28/2017,297,300.75,295.600006,299.100006,296.363831,15766196
7/31/2017,299.399994,313.850006,298,312.5,309.641235,41547584
8/1/2017,314,314.799988,307.950012,309,306.173248,14888804
8/2/2017,310,311.799988,305.299988,307.700012,304.885162,17005571
8/3/2017,307,307.399994,299.100006,300.549988,297.800537,14459919
8/4/2017,300.299988,306.299988,297.600006,305.25,302.45755,9615344
8/7/2017,305.799988,311.799988,305.149994,311.200012,308.353149,11420767
8/8/2017,311,311.799988,301.200012,303.649994,300.872192,13578680
8/9/2017,302.75,307.450012,300.100006,302.299988,299.534515,15852734
8/10/2017,301.200012,302.399994,292,296.700012,293.985779,14519518
8/11/2017,294.5,303,277.450012,280.149994,277.587158,67652562
8/14/2017,281.450012,282.399994,276.5,278.200012,275.655029,23773509
8/16/2017,279.049988,283.899994,274.200012,283.100006,280.510193,21074533
8/17/2017,283.799988,284.700012,280,280.850006,278.280762,12134114
8/18/2017,278,279.649994,276,278.700012,276.150452,12653217
8/21/2017,279,280.649994,273.350006,274.649994,272.137482,9247153
8/22/2017,276,277,271.200012,273.899994,271.394348,11814388
8/23/2017,274.75,279.700012,274.200012,279,276.447693,11317821
8/24/2017,279.700012,281.450012,277.5,280.299988,277.735779,14138226
8/28/2017,282.100006,282.100006,279,279.350006,276.794495,10505317
8/29/2017,278.450012,280.850006,276.049988,277,274.465973,10335964
8/30/2017,278,279.25,276,276.600006,274.069641,7648702
8/31/2017,276.850006,279.5,274.200012,277.75,275.209137,14222467
9/1/2017,277.649994,280.399994,276.600006,277.850006,275.308228,8255209
9/4/2017,278.950012,279.600006,276.399994,277.75,275.209137,7168751
9/5/2017,278.100006,279.5,275.950012,276.549988,274.020081,9565430
9/6/2017,275.950012,276.649994,273.649994,274.25,271.74115,7306781
9/7/2017,275.399994,276.899994,273.100006,274.200012,271.69162,16102724
9/8/2017,274.899994,275.399994,271.100006,271.799988,269.313538,7077895
9/11/2017,272.600006,273.5,269.549988,270.950012,268.471344,14489224
9/12/2017,272,275.649994,270.5,273.450012,270.948486,8375133
9/13/2017,274.950012,276.600006,272.5,273.399994,270.898926,10150073
9/14/2017,273.399994,275.600006,272.299988,274.200012,271.69162,8015217
9/15/2017,270.75,274.5,269.899994,271.5,269.016296,18404860
9/18/2017,273,274,269.450012,270.399994,267.926361,17538678
9/19/2017,270.450012,270.799988,266.450012,267.799988,265.350128,14331316
9/20/2017,268.149994,272.049988,267.450012,270.049988,267.579559,12355806
9/21/2017,269.75,271.399994,267.350006,268.5,266.043732,8509419
9/22/2017,267.25,267.399994,261.100006,261.850006,259.45459,12860892
9/25/2017,261.5,261.799988,254.399994,258.75,256.382935,13937050
9/26/2017,258.5,259.649994,256,258.25,255.887512,11728345
9/27/2017,259.899994,259.899994,249.5,250.399994,248.109314,17080769
9/28/2017,250.25,253.550003,249.5,252.550003,250.239655,17776419
9/29/2017,254.699997,255.5,253.050003,253.850006,251.527771,10073641
10/3/2017,256.399994,256.399994,250.600006,251.300003,249.001099,10547836
10/4/2017,251.649994,254.649994,251.350006,253.199997,250.883713,14063896
10/5/2017,253.699997,254.100006,249.199997,251.600006,249.298355,13476692
10/6/2017,252.149994,257.899994,252.100006,256.75,254.40123,11932139
10/9/2017,256.799988,258.600006,254.25,256.850006,254.50032,8009211
10/10/2017,256.850006,258.200012,255.699997,256.950012,254.599411,9742878
10/11/2017,257.149994,258.450012,250.449997,251.75,249.446976,14192548
10/12/2017,252,252.949997,248.5,251.199997,248.902008,13404759
10/13/2017,251.100006,255.350006,250.199997,252.100006,249.793777,15697555
10/16/2017,254.600006,254.699997,250.100006,252.050003,249.744232,12171830
10/17/2017,252.050003,254.699997,250.649994,251.149994,248.852463,13505216
10/18/2017,246,247.800003,242.550003,243.75,241.520157,20677891
10/19/2017,243.800003,245.25,241.149994,242.75,240.529312,3458869
10/23/2017,244,247,242.300003,245.949997,243.700027,8901335
10/24/2017,246,255.300003,245.949997,254.449997,252.122269,17197805
10/25/2017,279.850006,328.049988,279.850006,324.899994,321.927795,262677081
10/26/2017,330,351.299988,317.5,320.5,317.568054,112804243
10/27/2017,320.25,323.600006,310.100006,311.049988,308.204498,27580765
10/30/2017,312,322.350006,310.600006,312,309.145813,28530254
10/31/2017,313,313.850006,304.299988,305.799988,303.002502,16455750
11/1/2017,309.399994,321.450012,309.399994,319.850006,316.924011,34907283
11/2/2017,320,323.149994,313.549988,314.350006,311.474304,23110527
11/3/2017,315.450012,327.5,312.600006,325,322.026886,26898400
11/6/2017,323.600006,330,321.450012,329,325.990295,17143407
11/7/2017,328.950012,331.700012,315.5,317.200012,314.298248,21883541
11/8/2017,318,319.299988,306.649994,309.549988,306.718201,20242447
11/9/2017,313.149994,318,308.200012,313.700012,310.830261,21846178
11/10/2017,315,338.5,309.5,333.549988,330.498657,82984969
11/13/2017,336.75,344.799988,329.75,331.049988,328.021515,38777555
11/14/2017,330.350006,334.700012,327.5,329.100006,326.089386,25647162
11/15/2017,328,331.149994,322.25,324.950012,321.977356,17389606
11/16/2017,327.399994,334.200012,323.649994,333.399994,330.350037,22506014
11/17/2017,345,346.700012,336,337.5,334.412537,26518142
11/20/2017,337.100006,337.149994,331.25,333,329.953705,13507662
11/21/2017,335,335.399994,330,330.649994,327.625183,14189920
11/22/2017,330.850006,339.649994,327,335.299988,332.232635,22861716
11/23/2017,335.5,336.649994,331.649994,334.950012,331.885864,13338423
11/24/2017,336,337,331.5,332.399994,329.359192,11716981
11/27/2017,329.899994,337,328.049988,335.649994,332.579437,13114683
11/28/2017,336,336.700012,331.200012,332,328.96283,16054996
11/29/2017,332.350006,334.850006,327.200012,328.899994,325.891205,11264624
11/30/2017,325.799988,326.5,318.5,320.350006,317.419434,27276288
12/1/2017,321.5,322.299988,311.25,312.75,309.888947,16425620
12/4/2017,314.700012,315.950012,311.149994,313.600006,310.731171,13887727
12/5/2017,312.5,320.700012,308.799988,319.100006,316.180847,15130931
12/6/2017,316.700012,317.399994,311.5,312.399994,309.542145,18658202
12/7/2017,312.5,317.75,312.450012,316.399994,313.505554,12278558
12/8/2017,316.600006,318.850006,312.100006,313.100006,310.235748,16418832
12/11/2017,315.950012,319.299988,315.100006,318.399994,315.487244,14014369
12/12/2017,317.75,320.5,314.649994,318.450012,315.536804,17658856
12/13/2017,316.149994,318.950012,311.149994,313.299988,310.433899,17540585
12/14/2017,314.299988,315.399994,309.5,314,311.127502,13894451
12/15/2017,318.399994,319.350006,311.5,312.25,309.393524,16050711
12/18/2017,308,323.5,300.399994,318.899994,315.982666,32119915
12/19/2017,319.450012,322.25,318.399994,319.799988,316.874451,14741481
12/20/2017,319,319,316.5,317.5,314.59549,9895770
12/21/2017,316.600006,318.200012,315.399994,316.75,313.852356,9916409
12/22/2017,317.100006,323.850006,316.5,319.850006,316.924011,13821639
12/26/2017,318.600006,319.950012,316.299988,317.149994,314.248688,9329690
12/27/2017,316.5,320.299988,313.049988,314.850006,311.969727,14276027
12/28/2017,315.299988,316.5,307.649994,308.399994,305.578735,20353152
12/29/2017,310,312,309.049988,309.899994,307.065002,11939569
1/1/2018,310.600006,312.75,306.299988,307.100006,304.290649,12182400
1/2/2018,309,309,301.350006,303.25,300.475861,14797364
1/3/2018,305.299988,306.450012,302.149994,302.850006,300.079529,13857373
1/4/2018,304.5,310.200012,303.149994,308.5,305.677826,24517099
1/5/2018,311.399994,311.399994,305.600006,306.350006,303.547485,14580575
1/8/2018,307.200012,309.5,305,305.799988,303.002502,13557197
1/9/2018,307.5,309.5,303.299988,304.299988,301.516235,15574755
1/10/2018,304.649994,305.850006,300,301.100006,298.34552,13064599
1/11/2018,300.899994,303,300,302.200012,299.435455,12298455
1/12/2018,304.649994,304.649994,300.549988,302.25,299.484985,17594228
1/15/2018,303.950012,305.25,301.549988,302.600006,299.831818,18189668
1/16/2018,302.399994,303.350006,295.299988,296.149994,293.440796,18040940
1/17/2018,296,308.399994,292.600006,307.100006,304.290649,26277307
1/18/2018,315,317.799988,300.5,303.25,300.475861,40000111
1/19/2018,303.950012,310,302.5,309.25,306.420959,18461642
1/22/2018,308.350006,308.75,304.049988,306.5,303.696106,12622645
1/23/2018,306.399994,320.549988,306.350006,318.100006,315.190002,35252217
1/24/2018,317.700012,331.600006,316.200012,329.899994,326.88205,38070520
1/25/2018,332.75,332.75,311.850006,313.149994,310.285278,42466150
1/29/2018,313.149994,316.899994,311,312.100006,309.244904,23600898
1/30/2018,312.049988,318.850006,311,313.549988,310.68161,25810404
1/31/2018,313,316.600006,307.850006,313.25,310.384369,16409938
2/1/2018,316.899994,317.399994,305,306.049988,303.250214,19515991
2/2/2018,302.899994,305.75,295.5,297.350006,294.629822,23274673
2/5/2018,292.649994,300.399994,290,298.049988,295.323395,18940578
2/6/2018,285,297.299988,282.899994,291.75,289.081055,30577218
2/7/2018,296.600006,297.899994,290,292.799988,290.121429,21463818
2/8/2018,292.899994,303.299988,292.549988,301.399994,298.642761,18932796
2/9/2018,297,300.600006,295,296.399994,293.688507,15750824
2/12/2018,288.25,292.399994,285.149994,288.75,286.10849,50839665
2/14/2018,288.700012,288.700012,275,276.200012,273.673309,45641149
2/15/2018,274.799988,282.299988,274.25,278.700012,276.150452,26058237
2/16/2018,280.5,281.200012,270.049988,271.649994,269.164917,30338112
2/19/2018,271.5,272,256.649994,268.5,266.043732,43847791
2/20/2018,269,274.200012,264.799988,269.649994,267.183228,33458021
2/21/2018,272.200012,274.100006,267.399994,273.299988,270.799835,23714454
2/22/2018,270.399994,273.600006,269.450012,272.600006,270.106232,25584062
2/23/2018,273.450012,277.200012,272.5,276.049988,273.524658,15482147
2/26/2018,280,280,273.850006,274.450012,271.939331,15306032
2/27/2018,273,275.899994,265.950012,267.600006,265.151978,20824909
2/28/2018,264.25,269.700012,260.799988,268,265.548309,26810799
3/1/2018,266.299988,270,261.25,262.149994,259.751831,22859175
3/5/2018,260.450012,265,258.75,263.5,261.089478,18484565
3/6/2018,265.850006,266,255,256.549988,254.203049,20778164
3/7/2018,255.050003,255.350006,246.050003,246.649994,244.393631,31262500
3/8/2018,247,257.950012,244.300003,256.799988,254.45076,33133336
3/9/2018,257,257.399994,251.649994,253.25,250.933258,21536191
3/12/2018,254.100006,255.25,247.25,252.850006,250.536926,25332474
3/13/2018,251.300003,262.399994,249.600006,254.699997,252.36998,37647221
3/14/2018,252.5,257.850006,250,257.049988,254.698486,25471485
3/15/2018,257,258.799988,252.550003,253.699997,251.379135,18339890
3/16/2018,250.649994,255.699997,250.100006,252.300003,249.991943,25728297
3/19/2018,252.899994,253.600006,246.100006,247.949997,245.681732,18167594
3/20/2018,246.850006,252.25,245.350006,249.100006,246.821228,20556571
3/21/2018,251.75,254.300003,247.100006,248,245.731277,19533972
3/22/2018,247,247.350006,240.649994,241.550003,239.340286,26828240
3/23/2018,237.800003,239.649994,232.350006,234.800003,232.652039,27150262
3/26/2018,234.75,247.850006,234.25,246.5,244.24501,30373940
3/27/2018,250,255.5,248,254.350006,252.023193,31205051
3/28/2018,252,256.200012,248.699997,249.899994,247.613892,36673566
4/2/2018,251.800003,252,244.899994,246.149994,243.898193,14993188
4/3/2018,249.550003,252.800003,248.25,250.5,248.208405,19883309
4/4/2018,251.699997,253,245.5,247.300003,245.037689,18824449
4/5/2018,252.600006,261.899994,250,259.299988,256.927887,22880821
4/6/2018,259.649994,261.450012,254.850006,259.700012,257.324249,24868860
4/9/2018,260.649994,262.75,257.600006,260.649994,258.265564,20208874
4/10/2018,261.100006,265,258.5,263.299988,260.891296,21201141
4/11/2018,263,263,256.299988,257.049988,254.698486,14885838
4/12/2018,257.5,257.5,252.25,253.800003,251.478226,18660913
4/13/2018,254,255.949997,249.699997,250.949997,248.654297,25654020
4/16/2018,249.350006,251.300003,247.100006,249,246.722137,16408377
4/17/2018,251.399994,252.5,246.600006,248.149994,245.879898,15922452
4/18/2018,249.5,249.899994,245.300003,246.449997,244.19545,16142387
4/19/2018,247.100006,248.449997,245.199997,246.149994,243.898193,13166927
4/20/2018,245.850006,245.850006,239.5,241.199997,238.993484,15546939
4/23/2018,241.899994,244.850006,239.300003,242.449997,240.232056,12111837
4/24/2018,242,243.399994,239.600006,240.600006,238.398987,9486349
4/25/2018,239.699997,240.75,236.75,237.199997,235.030075,13124853
4/26/2018,238.399994,238.800003,232.5,233.199997,231.066666,24495144
4/27/2018,233.25,245.800003,233.25,242.600006,240.380692,31401889
4/30/2018,244.800003,249.699997,244.5,246.399994,244.145905,17263193
5/2/2018,245.899994,246.300003,239.75,241,238.795319,12887066
5/3/2018,240.949997,243.399994,238.75,241.899994,239.687073,12939642
5/4/2018,243.5,243.899994,240.350006,241.949997,239.736618,12777310
5/7/2018,242.449997,248.199997,242.050003,246.5,244.24501,15122614
5/8/2018,248,252.600006,244.600006,250.050003,247.762527,23293920
5/9/2018,249.800003,249.800003,246.300003,248,245.731277,11429823
5/10/2018,248.25,250.199997,246.300003,247.949997,245.681732,13160967
5/11/2018,247.600006,251.600006,246.050003,250.350006,248.059784,11958589
5/14/2018,249.949997,255.800003,248.149994,253.600006,251.28006,18673849
5/15/2018,253,257.450012,245.899994,248,245.731277,18026861
5/16/2018,245.5,248.699997,240.600006,243.100006,240.876114,17222004
5/17/2018,244.199997,246,241.149994,242.699997,240.479767,11721064
5/18/2018,243,244,237.850006,238.850006,236.664993,11873041
5/21/2018,243.550003,245.75,240.300003,244.449997,242.21376,18780730
5/22/2018,243.649994,259.700012,241,253.899994,251.577301,68713602
5/23/2018,254.649994,269.75,254.300003,263.200012,260.792236,71202072
5/24/2018,263.850006,269.700012,260.649994,268.5,266.043732,34679642
5/25/2018,267.799988,268.399994,262.549988,266.950012,264.507935,22317308
5/28/2018,267.399994,274.200012,266.049988,272.049988,269.561249,18959368
5/29/2018,270.5,270.950012,262.799988,264.299988,261.882141,16107543
5/30/2018,260.5,268,259.950012,267.149994,264.706085,19320209
5/31/2018,266.850006,274.799988,263.149994,269.549988,267.084137,31935892
6/1/2018,269.25,269.799988,264.600006,266.700012,264.260223,16574717
6/4/2018,268,268.350006,261.299988,263,260.594055,12933824
6/5/2018,260.899994,265.25,260.899994,263.549988,261.139008,14102731
6/6/2018,263,271.399994,262.200012,270.149994,267.67865,18315171
6/7/2018,271.049988,272.899994,268.399994,269.649994,267.183228,18773700
6/8/2018,268.950012,273.899994,267,273,270.502594,14096549
6/11/2018,273.299988,278.399994,273.149994,274,271.493439,18219428
6/12/2018,274,284.399994,274,282.850006,280.262482,31358021
6/13/2018,284,289.649994,283.649994,287.700012,285.068115,26748300
6/14/2018,286.549988,286.549988,281.299988,282.600006,280.014771,18513730
6/15/2018,282.75,283.450012,276.600006,277.450012,274.911896,16949917
6/18/2018,278,279.75,275.450012,276.850006,274.317352,13542420
6/19/2018,276,276.700012,269.75,272.600006,270.106232,20726975
6/20/2018,273.200012,274.75,271.100006,273.299988,270.799835,14002946
6/21/2018,274.75,274.75,268.100006,268.649994,266.192352,12954943
6/22/2018,269,273.700012,265.75,273.049988,270.552124,20784133
6/25/2018,271.850006,273.149994,267.200012,268.450012,265.994202,10934401
6/26/2018,267.25,271.200012,265.399994,267.399994,264.953796,16867009
6/27/2018,267.350006,267.350006,261,261.700012,259.305969,16277655
6/28/2018,260.399994,262,255.699997,257,254.648941,21349738
6/29/2018,258.25,263.450012,258.200012,259.350006,256.977448,16244724
7/2/2018,258.950012,261.75,254,258.850006,256.482025,21896701
7/3/2018,259.600006,260.899994,256.399994,257.5,255.144379,16099030
7/4/2018,255.75,258.350006,254.5,257.450012,255.094849,14206935
7/5/2018,257.899994,258.700012,255.149994,256.450012,254.103989,11215032
7/6/2018,256.100006,260.799988,255.550003,257.200012,254.847137,16174019
7/9/2018,258.200012,262.399994,257.950012,261.549988,259.157318,13220744
7/10/2018,263.850006,265.75,262.399994,263.75,261.337189,11487165
7/11/2018,262.649994,262.649994,257.899994,259.100006,256.729736,12857179
7/12/2018,261.399994,264.5,261.149994,262.75,260.346344,10642215
7/13/2018,262.100006,262.399994,256.799988,257.75,255.39209,11976239
7/16/2018,257,257.5,251,251.600006,249.298355,8965623
7/17/2018,250.699997,259.850006,250.449997,259.049988,256.680176,16067598
7/18/2018,260.100006,262.5,256.149994,259.549988,257.175598,17641125
7/19/2018,259.399994,263.5,256.200012,260.200012,257.819672,9958284
7/20/2018,259.899994,263,258.549988,261.5,259.107788,6120163
7/23/2018,262,267.5,260.600006,266.350006,263.913422,17013119
7/24/2018,267.200012,269.200012,265.549988,266.850006,264.408844,9320281
7/25/2018,268,272.850006,265.649994,271.850006,269.363098,13099277
7/26/2018,275.100006,289.399994,274.200012,287.700012,285.068115,53496546
7/27/2018,289.5,297,285.100006,286.75,284.126801,32175436
7/30/2018,289.200012,299.549988,289.200012,297.399994,294.679352,40949610
7/31/2018,297,302.399994,291.799988,293.5,290.815033,36510328
8/1/2018,294.5,298,288.350006,295.100006,292.400421,33885474
8/2/2018,293,296.399994,290.549988,293.899994,291.211365,15665209
8/3/2018,294.600006,299.950012,294.5,299.25,296.512451,18254462
8/6/2018,300.600006,311.350006,300.600006,308.5,305.677826,31576923
8/7/2018,309.850006,311.700012,303.049988,304.049988,301.268524,23928622
8/8/2018,304.049988,310.899994,303.049988,308.700012,305.876007,20498279
8/9/2018,312.950012,319.850006,310.149994,317.399994,314.496399,46464355
8/10/2018,317.649994,326.399994,300.5,304.450012,301.664886,111510771
8/13/2018,296,302.799988,291.100006,294.149994,291.459106,58127432
8/14/2018,296.700012,298.950012,293.350006,294.899994,292.20224,25294933
8/16/2018,293.5,298.399994,290.25,292.700012,290.022369,31083900
8/17/2018,295,302.700012,294.049988,302.100006,299.336365,21931134
8/20/2018,304.100006,308.700012,303.600006,307.649994,304.835602,20240462
8/21/2018,308.299988,308.850006,303.350006,307,304.191559,14139592
8/23/2018,306.950012,306.950012,298.299988,302.450012,299.683167,22721004
8/24/2018,300.600006,305.700012,299,300.450012,297.701477,18869585
8/27/2018,304,310.350006,303.299988,308,305.182404,28111768
8/28/2018,308.049988,310.25,303.399994,305.350006,302.556641,16890236
8/29/2018,306.799988,312,305.75,309.700012,306.866852,24320824
8/30/2018,309.299988,310.5,306,308.600006,305.776917,19935935
8/31/2018,307.899994,310.649994,304.549988,309.600006,306.767761,18100140
9/3/2018,312.5,312.5,304.799988,306.350006,303.547485,14708076
9/4/2018,306.799988,307.450012,295.450012,296.399994,293.688507,42859084
9/5/2018,296.5,298.850006,290.399994,296.549988,293.837128,22922686
9/6/2018,298,299.850006,294.5,296.450012,293.738068,18001336
9/7/2018,295.899994,295.899994,289.450012,291.649994,288.981964,23716678
9/10/2018,290.649994,293.25,283.799988,284.850006,282.244171,23354395
9/11/2018,287.350006,291.450012,281.649994,282.600006,280.014771,28361400
9/12/2018,284,286.700012,280,285.299988,282.690033,22717796
9/14/2018,290.100006,291.799988,288.700012,290.649994,287.991119,15149585
9/17/2018,288.5,288.5,284.100006,285.299988,282.690033,16089996
9/18/2018,285,286.899994,272.399994,273.799988,271.295258,33901000
9/19/2018,275.399994,282.850006,270.5,271.5,269.016296,40759431
9/21/2018,274.200012,279.450012,253.399994,270.600006,268.124542,39308482
9/24/2018,272.700012,273,262.600006,264.350006,261.931702,24633374
9/25/2018,264,272.950012,260.799988,270.899994,268.421783,28948831
9/26/2018,274,274,262.75,263.850006,261.436279,23951904
9/27/2018,264.5,268.600006,263.75,265.350006,262.922577,24829383
9/28/2018,266.399994,273.5,262.5,265.5,263.071198,33803139
10/1/2018,265.5,275.200012,264.100006,273.850006,271.344818,17711738
10/3/2018,273.350006,278.700012,270.600006,271.700012,269.214478,19714943
10/4/2018,267.950012,272.700012,265.700012,271.350006,268.867676,17754204
10/5/2018,271,271,256,258.350006,255.986603,36628643
10/8/2018,259.75,268.5,258.350006,265.75,263.318909,21100804
10/9/2018,268,268.149994,260,262.950012,260.544525,16010883
10/10/2018,261.600006,280.450012,261.200012,278.649994,276.100891,31772330
10/11/2018,268,271.5,260.600006,262.149994,259.751831,46291120
10/12/2018,266,267.899994,261.5,263.75,261.337189,42967696
10/15/2018,264.399994,265.700012,261.100006,263.200012,260.792236,21965859
10/16/2018,264.600006,270.850006,263.350006,270.299988,267.827271,33597068
10/17/2018,273.75,275,260,261.149994,258.760986,21631573
10/19/2018,259.700012,264.200012,258.100006,261.100006,258.711456,28474307
10/22/2018,266,266,259.450012,260.350006,257.968323,19933462
10/23/2018,258,259,255,255.649994,253.311295,20206307
10/24/2018,260.25,261.799988,252.800003,255.699997,253.36084,25636533
10/25/2018,254.5,255,248.399994,249.550003,247.267105,33066232
10/26/2018,252,252.5,247.399994,248.100006,245.830368,20543437
10/29/2018,250,269.25,248.399994,267.899994,265.449219,37768359
10/30/2018,267.5,279.100006,266,273.149994,270.651215,33401683
10/31/2018,275,282.75,268.600006,281.399994,278.825745,28137370
11/1/2018,283,289,278.850006,285.899994,283.284576,29144808
11/2/2018,287.899994,292.799988,283.200012,285.350006,282.739594,27760214
11/5/2018,286.450012,300,283.5,294.950012,292.251801,44619891
11/6/2018,296.100006,298.299988,283.899994,286.450012,283.829559,40688243
11/7/2018,288.899994,288.899994,285.950012,286.549988,283.928619,3312160
11/9/2018,287,287.5,282.450012,283.25,280.658813,19201007
11/12/2018,283.700012,283.700012,276.850006,277.950012,275.407318,24044907
11/13/2018,276.299988,279.700012,273.350006,278.049988,275.506378,25633628
11/14/2018,280.399994,287.700012,278,283.600006,281.005615,52674807
11/15/2018,283.850006,287.049988,281.149994,285.399994,282.789124,18445463
11/16/2018,285.899994,291.799988,282.600006,290.899994,288.238831,24805910
11/19/2018,293.5,293.5,286.049988,288.149994,285.513977,13799970
11/20/2018,285.899994,288.549988,282.5,283.450012,280.856995,12900924
11/21/2018,283.450012,289.549988,283.049988,287.049988,284.424042,16167419
11/22/2018,285.950012,287.049988,281.600006,282.700012,280.113861,12066797
11/26/2018,284.100006,287.25,279.600006,286.399994,283.779999,16846820
11/27/2018,284.600006,290.5,284.049988,289.399994,286.752533,21242956
11/28/2018,289.399994,292.450012,283,284.549988,281.946899,19837609
11/29/2018,289.299988,289.649994,284.25,286.399994,283.779999,27919104
11/30/2018,288.799988,290.899994,283.200012,284.649994,282.04599,17583510
12/3/2018,286.700012,287.899994,283.25,286.799988,284.176331,15772176
12/4/2018,287.950012,287.950012,281.899994,282.549988,279.96521,11897307
12/5/2018,282.450012,283.200012,277.049988,280.149994,277.587158,14893748
12/6/2018,278,279.25,275.100006,275.649994,273.128326,11083451
12/7/2018,277,277.350006,272.100006,275.399994,272.880615,10165275
12/10/2018,271,276.399994,270.149994,274.200012,271.69162,11947887
12/11/2018,268.350006,283.25,268.350006,281.25,278.677094,30927239
12/12/2018,283.75,285.850006,282.200012,285.25,282.640503,21765939
12/13/2018,290,294,285.75,289,286.356201,24097152
12/14/2018,288.5,290.799988,287.049988,289.200012,286.554382,12156361
12/17/2018,289.299988,291.450012,287.299988,289.5,286.851624,12728014
12/18/2018,287.850006,294,287,292.75,290.071899,13606582
12/19/2018,294.700012,302,294.700012,300.700012,297.949188,26124125
12/20/2018,298.350006,301.649994,293.149994,294.049988,291.359985,19222232
12/21/2018,293.649994,296.5,290.799988,291.899994,289.229675,15777301
12/24/2018,293.5,295,290.149994,293.049988,290.369141,12048877
12/26/2018,292.850006,295,287.149994,294.149994,291.459106,12684324
12/27/2018,296.700012,297.600006,291.5,292.149994,289.477386,15304564
12/28/2018,293.600006,297.100006,293.549988,294.799988,292.103149,12876558
12/31/2018,297.200012,298.25,295.5,295.899994,293.193085,9526067
1/1/2019,297.5,300.700012,293.850006,299.600006,296.859253,11837127
1/2/2019,299.100006,302.5,293.100006,293.899994,291.211365,25559853
1/3/2019,295,295.549988,290.100006,291.100006,288.437012,17548347
1/4/2019,292.100006,299,291.5,297.649994,294.927063,19514041
1/7/2019,301.049988,301.5,295.200012,296.299988,293.589417,14579399
1/8/2019,295.799988,306,294.75,305.299988,302.50708,22949961
1/9/2019,306,307.100006,300.75,305.299988,302.50708,21109911
1/10/2019,305.100006,307.5,303.5,305.549988,302.754791,16295468
1/11/2019,305.399994,306.200012,300.950012,302.75,299.980438,12702551
1/14/2019,301,303.600006,299.549988,300.399994,297.651917,10372933
1/15/2019,302,303.600006,301.100006,301.649994,298.890472,9444374
1/16/2019,303,306.649994,302.100006,303.149994,300.37677,12111480
1/17/2019,303.899994,304.350006,295.600006,297.399994,294.679352,15974634
1/18/2019,298.75,299.850006,294.25,294.950012,292.251801,9082501
1/21/2019,295.899994,296.75,291.450012,292.450012,289.774658,10188647
1/22/2019,293,293,288.200012,290.25,287.594788,11297989
1/23/2019,290.450012,292.950012,285.5,286.649994,284.02771,10304608
1/24/2019,286.649994,289.899994,285.5,288.049988,285.414886,11532528
1/25/2019,289.600006,291,283.200012,285.399994,282.789124,11121223
1/28/2019,285.649994,286.600006,277.299988,281.600006,279.023926,18905470
1/29/2019,281,286,276.549988,280.600006,278.033051,17435611
1/30/2019,281.200012,289.399994,280.25,287.450012,284.820404,18908654
1/31/2019,290,294.799988,288,293.649994,290.963654,25546487
2/1/2019,296.899994,302.700012,282,284.399994,281.798279,60015958
2/4/2019,282.399994,285.200012,277.850006,283.950012,281.352417,20642919
2/5/2019,284.200012,287,283,284.649994,282.04599,13291133
2/6/2019,285.850006,289.75,283.5,289.049988,286.405731,12149759
2/7/2019,289.399994,294,286.600006,287.399994,284.770844,19733315
2/8/2019,285.600006,288,282.200012,286,283.383667,19781908
2/11/2019,285.950012,285.950012,280,280.5,277.93396,15420017
2/12/2019,280.649994,282.200012,274.649994,275.399994,272.880615,15326106
2/14/2019,268,268.350006,263.649994,267.100006,264.656555,26372671
2/15/2019,268.850006,268.850006,261.299988,262.950012,260.544525,23366091
2/18/2019,264.399994,265.5,258.799988,259.950012,257.57196,14781744
2/19/2019,260.899994,267.5,260.299988,262.899994,260.494965,19064306
2/20/2019,264.5,268.299988,264.299988,267.700012,265.251068,15514595
2/21/2019,270.299988,271,267.299988,268,265.548309,13760702
2/22/2019,267.899994,271.899994,267.600006,270.950012,268.471344,12536918
2/25/2019,271.299988,271.399994,267.899994,270.149994,267.67865,20793897
2/26/2019,266.799988,268.200012,263.25,266.350006,263.913422,15274303
2/27/2019,268,272.700012,266.549988,267.649994,265.201508,20571652
2/28/2019,267.700012,270.799988,267.649994,269.049988,266.588715,31636468
3/1/2019,270.549988,274.600006,270.100006,272.950012,270.453064,20024726
3/5/2019,271.700012,277.850006,271.200012,276.450012,273.921021,21533972
3/6/2019,277.299988,282.549988,276.450012,278.100006,275.555939,22161376
3/7/2019,279.450012,282.5,277.649994,281.75,279.172546,14899105
3/8/2019,281.850006,284.25,279.600006,281.200012,278.627563,19943319
3/11/2019,285.299988,289,283.5,287.350006,284.721313,22931245
3/12/2019,289.200012,289.899994,285.75,286.899994,284.275421,20828136
3/13/2019,288.100006,294.399994,284.700012,293.149994,290.468231,23725641
3/14/2019,294.5,294.700012,290.75,291.899994,289.229675,16164017
3/15/2019,292.600006,301.299988,292.5,298.399994,295.670227,37928480
3/18/2019,298.899994,300.899994,294.649994,298.950012,296.21521,23782967
3/19/2019,300.149994,306.600006,299.149994,303.049988,300.277679,27218691
3/20/2019,302.799988,304.649994,300.049988,303.799988,301.020813,18820555
3/22/2019,304.299988,306.399994,296.950012,298.049988,295.323395,17865957
3/25/2019,294,295.450012,292.200012,294,291.310455,16895511
3/26/2019,294.75,305,294.75,303.5,300.723572,18303791
3/27/2019,305.25,310.850006,304.350006,308.799988,305.975067,35956450
3/28/2019,310.100006,339.649994,309.049988,319,316.081757,63244736
4/1/2019,321.799988,327.649994,321.049988,322.75,319.797455,22372357
4/2/2019,323.649994,331,322.100006,329,325.990295,27897583
4/3/2019,331,332.450012,319.5,320.5,317.568054,30552104
4/4/2019,321.5,325.75,318.299988,321.799988,318.85614,27832294
4/5/2019,323.700012,323.700012,315,317.049988,314.149597,23117232
4/8/2019,318.25,319.25,311.100006,312.799988,309.938477,17394139
4/9/2019,313.950012,315.700012,308.100006,314.75,311.870636,25556039
4/10/2019,314.850006,317.049988,310,310.899994,308.055847,19237974
4/11/2019,311,315.399994,308.700012,314.899994,312.019257,14897935
4/12/2019,314.600006,316.399994,311.200012,315.25,312.366089,14751964
4/15/2019,315.5,318.700012,313.75,315.600006,312.712891,13864791
4/16/2019,316.600006,319.399994,314.700012,315.75,312.861511,14940726
4/18/2019,315.799988,315.799988,308.049988,310.799988,307.956757,15691168
4/22/2019,308.799988,312.299988,306.350006,310.049988,307.213623,15665440
4/23/2019,310.049988,313.75,304.600006,305.25,302.45755,17324274
4/24/2019,305.850006,311.950012,303.600006,310.75,307.907227,15228591
4/25/2019,311,312,305.399994,306.200012,303.398865,30842477
4/26/2019,306.899994,313.5,306.600006,312.5,309.641235,14987906
4/30/2019,312,312,305,309.950012,307.114563,18178758
5/2/2019,308.049988,311.399994,305.649994,308.149994,305.331024,16640100
5/3/2019,309,311.799988,308.799988,310,307.164093,12452689
5/6/2019,306.799988,310.299988,305.899994,308.75,305.925537,10639216
5/7/2019,310.700012,313.399994,303.75,305.450012,302.655731,15219845
5/8/2019,303.950012,305.299988,296.75,298.25,295.521576,22103678
5/9/2019,297.600006,301,296.100006,299.299988,296.561981,12654440
5/10/2019,301.799988,310.75,292.450012,308.049988,305.231934,60739833
5/13/2019,310,314.200012,305.299988,306.899994,304.092468,40101505
5/14/2019,307.850006,316.75,305.100006,314.649994,311.771545,30521436
5/15/2019,316.200012,317.899994,311,312.100006,309.244904,27932459
5/16/2019,312.5,317.100006,309.549988,315.75,312.861511,18147559
5/17/2019,315.649994,321.950012,313.450012,319.25,316.329468,25838962
5/20/2019,332,345.799988,331,344.700012,341.546661,53207071
5/21/2019,345.899994,347.549988,336.25,337.549988,334.462067,33457162
5/22/2019,338.899994,342.600006,333.549988,341.100006,337.979614,32002499
5/23/2019,353,364,339.200012,342.200012,339.06955,74413322
5/24/2019,344.950012,357,343.5,355.350006,352.099243,35703403
5/27/2019,355.049988,362.5,354,361.700012,358.391144,31374994
5/28/2019,360.950012,361.700012,356.649994,360.049988,356.756226,23501608
5/29/2019,358,359,347.149994,348.649994,345.46051,28370210
5/30/2019,349.75,355,347.5,353.549988,350.315704,25712604
5/31/2019,354.350006,357.899994,344.649994,352.5,349.275299,32588069
6/3/2019,352.350006,356.450012,349.649994,355.450012,352.198334,18380919
6/4/2019,354,357.200012,351.399994,352.399994,349.176208,18130636
6/6/2019,349,349.600006,335.899994,336.899994,333.818024,41941144
6/7/2019,337,342.75,336,342.049988,338.920898,29739710
6/10/2019,346,347.299988,340.149994,344.299988,341.150299,20500542
6/11/2019,345.049988,348.299988,342.850006,347.100006,343.924713,16281297
6/12/2019,346.950012,346.950012,342.299988,344,340.853058,11564970
6/13/2019,343,347.450012,339.799988,346.5,343.3302,15509948
6/14/2019,345.5,346.350006,342.549988,343.799988,340.654877,10347594
6/17/2019,343.75,343.75,336.950012,337.850006,334.759338,13779496
6/18/2019,335.5,344,333.799988,340.049988,336.939178,21957480
6/19/2019,343.100006,345.200012,335.5,338.850006,335.750183,16416903
6/20/2019,341,346.25,335.600006,345.149994,341.992554,20626861
6/21/2019,344.799988,350.700012,343.149994,349.399994,346.203674,24749090
6/24/2019,350,354.75,349.649994,353.200012,349.968903,17919504
6/25/2019,352.700012,357,351.25,356.549988,353.288239,15922634
6/26/2019,355.75,359,354.299988,358.149994,354.873627,15835579
6/27/2019,358.100006,363,357.25,362.149994,358.837036,29658120
6/28/2019,362.200012,365,358.700012,361.25,357.945251,22708464
7/1/2019,362.799988,363,358.5,361.549988,358.242493,12348793
7/2/2019,362.149994,365,360.350006,364.5,361.165527,14482172
7/3/2019,365.25,366.700012,363,366.149994,362.800446,12626285
7/4/2019,367.25,370.899994,366.200012,367.399994,364.039001,19252646
7/5/2019,369.450012,373.600006,366,370.649994,367.259277,30019347
7/8/2019,368,368.450012,353.5,355.299988,352.049683,27247892
7/9/2019,353.5,360,352.5,359.5,356.211273,16579914
7/10/2019,360.549988,361.5,351.299988,354.200012,350.959778,18681819
7/11/2019,358.5,364,357,363.200012,359.877441,20048321
7/12/2019,363,366.549988,361.5,363.600006,360.273773,14661748
7/15/2019,364.100006,365,357.600006,360.049988,356.756226,15665939
7/16/2019,358.5,366,357.649994,364.350006,361.016907,16251836
7/17/2019,364.049988,373.549988,363.049988,372.399994,368.993256,17545177
7/18/2019,371.950012,373.799988,362.549988,363.649994,360.323303,21691056
7/19/2019,365.100006,366.049988,355.149994,356,352.743286,22213173
7/22/2019,356,359.549988,348.700012,350.850006,347.640411,19682038
7/23/2019,351.200012,353,341,342.200012,339.06955,27956145
7/24/2019,341.850006,344.700012,336.25,339.600006,336.493317,20823143
7/25/2019,341.700012,343.200012,337.399994,341.299988,338.177765,19857643
7/26/2019,340.799988,346.149994,340.5,342.600006,339.465881,16139052
7/29/2019,343.950012,346.549988,336.799988,343.799988,340.654877,17060483
7/30/2019,344.399994,346.700012,325.850006,327.549988,324.553528,24437235
7/31/2019,325.100006,333.200012,323.899994,332.200012,329.161041,22741445
8/1/2019,330.799988,331.5,311.350006,317.149994,314.248688,40853304
8/2/2019,315.549988,322.25,307.049988,308.450012,305.628296,64472348
8/5/2019,298.450012,302.850006,291.700012,300.25,297.503296,48815899
8/6/2019,298.799988,304.25,297.25,301.399994,298.642761,30442970
8/7/2019,302.399994,302.450012,288.799988,289.899994,287.247986,30820114
8/8/2019,290,295.5,285.600006,294.350006,291.657288,32929233
8/9/2019,296.299988,298,290.049988,291.350006,288.684723,23377581
8/13/2019,290.899994,291.549988,282.5,283.350006,280.757904,24231272
8/14/2019,285.049988,291.25,284.5,289.75,287.099335,18523649
8/16/2019,287.950012,292.799988,284.299988,290.899994,288.238831,20047399
8/19/2019,292,292.399994,286,286.850006,284.225891,19831459
8/20/2019,287.299988,287.399994,280.649994,283.700012,281.104706,23204417
8/21/2019,285.5,285.600006,276.299988,277.399994,274.862335,28226325
8/22/2019,278.299988,278.299988,267.299988,268.549988,266.093262,27728925
8/23/2019,267.100006,275.25,262.700012,271.100006,268.619965,35212444
8/26/2019,288,288,270,280.200012,277.636719,64066440
8/27/2019,284,288,282.600006,285.700012,283.086426,45164811
8/28/2019,286.649994,286.649994,282.200012,284.899994,282.293701,18979998
8/29/2019,283.200012,284.299988,273.299988,274.5,271.988861,27083514
8/30/2019,275.950012,277.950012,266.850006,273.850006,271.344818,45702652
9/3/2019,272,272,266.950012,268.399994,265.944641,21241863
9/4/2019,269.700012,275.850006,267.25,275.100006,272.583374,27309675
9/5/2019,275,276.350006,271.049988,273.299988,270.799835,25085139
9/6/2019,275.049988,277,272.100006,273.950012,271.443909,16675146
9/9/2019,273.950012,278.700012,271,278,275.456848,18616889
9/11/2019,278.5,285.850006,278.5,285.25,282.640503,20999669
9/12/2019,286.75,288.799988,284.149994,287.049988,284.424042,21964832
9/13/2019,285,292.5,282,291.700012,289.031525,27303181
9/16/2019,288.200012,290.450012,283.799988,284.700012,282.095551,18267680
9/17/2019,285,286.450012,273,273.950012,271.443909,21533362
9/18/2019,277.200012,282.950012,274.399994,280.399994,277.834869,25478758
9/19/2019,279.950012,279.950012,273.049988,274.049988,271.542969,23387797
9/20/2019,274.5,307.649994,268.399994,301.700012,298.940033,84481749
9/23/2019,307.549988,316,300.399994,313.75,310.879791,54178171
9/24/2019,313.149994,315.149994,300.799988,302.600006,299.831818,40096711
9/25/2019,297,297.5,278.700012,280.25,277.686249,73063465
9/26/2019,281.5,289.899994,277,281.850006,279.271637,79005946
9/27/2019,282.700012,286.049988,280,281.200012,278.627563,37851718
9/30/2019,281.399994,281.850006,270.149994,270.799988,268.322693,41094131
10/1/2019,272.75,275.5,245.550003,255.949997,253.608551,79350077
10/3/2019,254,260.700012,250.100006,254.149994,251.825012,56207921
10/4/2019,258.5,260.5,248.550003,249.949997,247.663437,60029186
10/7/2019,251.5,253.399994,246.850006,249.100006,246.821228,39160623
10/9/2019,250.100006,262,244.350006,260.950012,258.562836,60328507
10/10/2019,258,258,252.600006,254.149994,251.825012,37577511
10/11/2019,256.200012,261.399994,251.5,254.550003,252.221359,43272106
10/14/2019,256.950012,259.399994,254,255.449997,253.113129,28265136
10/15/2019,256.450012,259.899994,254.800003,258.450012,256.085693,23444973
10/16/2019,259.299988,261.950012,255,256.049988,253.707626,30892295
10/17/2019,256.399994,266,255.600006,265.450012,263.021667,37061013
10/18/2019,264.399994,271.350006,263.200012,269.649994,267.183228,33203721
10/22/2019,270.399994,275,268.5,270.5,268.025452,27574295
10/23/2019,270.75,277.799988,268.649994,275.450012,272.930176,31789622
10/24/2019,276,277.649994,248.649994,262.5,260.098633,63943183
10/25/2019,265.799988,284.149994,263.549988,281.549988,278.974365,105518180
10/29/2019,283.149994,285,278.549988,280.649994,278.082581,51033578
10/30/2019,283,291,279.25,289.899994,287.247986,51469048
10/31/2019,293.350006,317.799988,292.75,312.399994,309.542145,128449327
11/1/2019,312.399994,315,308.600006,313.549988,310.68161,44894016
11/4/2019,316,319,312.350006,314.299988,311.424744,31535656
11/5/2019,313.899994,322,312.799988,319.200012,316.279938,50080853
11/6/2019,318.950012,318.950012,314,317.549988,314.64502,32157080
11/7/2019,318.25,323.299988,316.799988,318.149994,315.239532,33926772
11/8/2019,316.200012,321,314.5,316,313.109222,25423362
11/11/2019,314.700012,319.649994,313.100006,318.25,315.338623,20491942
11/13/2019,316.049988,318.600006,305.649994,306.799988,303.993378,32675829
11/14/2019,306.950012,309.5,299.700012,306,303.200684,43617772
11/15/2019,312,323.700012,310.049988,321.899994,318.955231,95199897
11/18/2019,324,329.850006,323.75,325.100006,322.125977,39009263
11/19/2019,325.799988,331.799988,322.100006,330.399994,327.377472,41372145
11/20/2019,332,332.5,325.100006,328.799988,325.792114,29972583
11/21/2019,329.25,332.850006,326.549988,331.350006,328.318787,34116162
11/22/2019,331.450012,333.799988,328.25,329.299988,326.287537,28974967
11/25/2019,329,337.5,328.350006,336.100006,333.02533,27561300
11/26/2019,338,340,332.600006,335.5,332.430817,36464072
11/27/2019,335.950012,345.549988,334.049988,343.549988,340.407166,33971305
11/28/2019,346.850006,351,344.5,349.299988,346.104584,42538227
11/29/2019,348.850006,348.850006,340.600006,341.850006,338.722748,23081823
12/2/2019,343.899994,344.350006,336.200012,338.5,335.403381,20648850
12/3/2019,341,342.950012,333.350006,336.25,333.17395,26482178
12/4/2019,334.100006,342.950012,331.850006,341.850006,338.722748,26789483
12/5/2019,343,344.600006,335.149994,336.200012,333.12442,30429507
12/6/2019,336.7,337.65,318,320,317.07,47027528
12/9/2019,318.95,327.65,314.75,316.7,313.8,52435239
